number_x,grid,position,positionText,positionOrder,points,laps,time,milliseconds,fastestLap,rank,fastestLapTime,fastestLapSpeed,year,round,nameDriver,date,timeRace,url_x,fp1_date,fp1_time,fp2_date,fp2_time,fp3_date,fp3_time,quali_date,quali_time,sprint_date,sprint_time,numberQualifying,positionQualifying,q1,q2,q3,numberSprint,gridSprint,positionSprint,positionTextSprint,positionOrderSprint,pointsSprint,lapsSprint,timeSprint,millisecondsSprint,fastestLapSprint,fastestLapTimeSprint,driverRef,number_y,code,forename,surname,dob,nationalityDriver,url_y,constructorRef,nameConstructor,nationalityConstructor,url_x,status,circuitRef,name,location,country,lat,lng,alt,url_y,pointsStandings,positionStandings,positionTextStandings,wins,pointsStandings,positionStandings,positionTextStandings,winsStandings,traction,track_evolution,braking,asphalt_grip,lateral,asphalt_abrasion,tyre_stress,downforce,c1_compound,c2_compound,c3_compound,c4_compound,c5_compound,lapsTotal,race_dist,circuit_length,turns,elevation_change,top_speed,tyre_camber_lim_front,tyre_camber_lim_rear,min_starting_press_front,min_starting_press_rear
44,2,2,2,2,18.0,71,+1.529,5915573,63,2,1:13.942,209.791,2022,21,Brazilian Grand Prix,2022-11-13,18:00:00,http://en.wikipedia.org/wiki/2022_Brazilian_Grand_Prix,2022-11-11,15:30:00,2022-11-12,15:30:00,\N,\N,2022-11-11,19:00:00,2022-11-12,19:30:00,44,8,1:13.403,1:11.539,1:12.611,44,8,3,3,3,6,24,+4.492,1815799,3,1:14.317,hamilton,44,HAM,Lewis,Hamilton,1985-01-07,British,http://en.wikipedia.org/wiki/Lewis_Hamilton,mercedes,Mercedes,German,http://en.wikipedia.org/wiki/Mercedes-Benz_in_Formula_One,Finished,interlagos,Autódromo José Carlos Pace,São Paulo,Brazil,-23.7036,-46.6997,785,http://en.wikipedia.org/wiki/Aut%C3%B3dromo_Jos%C3%A9_Carlos_Pace,240.0,5,5,0,505.0,3,3,1,3.0,4.0,3.0,3.0,3.0,4.0,3.0,4.0,0,1,1,1,0,71,305.879,4.309,15,42.98,338.3,-3.25,-2.0,23.0,21.0
63,1,1,1,1,26.0,71,1:38:34.044,5914044,61,1,1:13.785,210.237,2022,21,Brazilian Grand Prix,2022-11-13,18:00:00,http://en.wikipedia.org/wiki/2022_Brazilian_Grand_Prix,2022-11-11,15:30:00,2022-11-12,15:30:00,\N,\N,2022-11-11,19:00:00,2022-11-12,19:30:00,63,3,1:14.427,1:11.318,1:12.059,63,3,1,1,1,8,24,30:11.307,1811307,4,1:14.233,russell,63,RUS,George,Russell,1998-02-15,British,http://en.wikipedia.org/wiki/George_Russell_(racing_driver),mercedes,Mercedes,German,http://en.wikipedia.org/wiki/Mercedes-Benz_in_Formula_One,Finished,interlagos,Autódromo José Carlos Pace,São Paulo,Brazil,-23.7036,-46.6997,785,http://en.wikipedia.org/wiki/Aut%C3%B3dromo_Jos%C3%A9_Carlos_Pace,265.0,4,4,1,505.0,3,3,1,3.0,4.0,3.0,3.0,3.0,4.0,3.0,4.0,0,1,1,1,0,71,305.879,4.309,15,42.98,338.3,-3.25,-2.0,23.0,21.0
16,5,4,4,4,12.0,71,+8.441,5922485,63,6,1:14.253,208.912,2022,21,Brazilian Grand Prix,2022-11-13,18:00:00,http://en.wikipedia.org/wiki/2022_Brazilian_Grand_Prix,2022-11-11,15:30:00,2022-11-12,15:30:00,\N,\N,2022-11-11,19:00:00,2022-11-12,19:30:00,16,10,1:14.486,1:10.950,,16,10,6,6,6,3,24,+13.133,1824440,4,1:15.236,leclerc,16,LEC,Charles,Leclerc,1997-10-16,Monegasque,http://en.wikipedia.org/wiki/Charles_Leclerc,ferrari,Ferrari,Italian,http://en.wikipedia.org/wiki/Scuderia_Ferrari,Finished,interlagos,Autódromo José Carlos Pace,São Paulo,Brazil,-23.7036,-46.6997,785,http://en.wikipedia.org/wiki/Aut%C3%B3dromo_Jos%C3%A9_Carlos_Pace,290.0,2,2,3,524.0,2,2,4,3.0,4.0,3.0,3.0,3.0,4.0,3.0,4.0,0,1,1,1,0,71,305.879,4.309,15,42.98,338.3,-3.25,-2.0,23.0,21.0
55,7,3,3,3,15.0,71,+4.051,5918095,65,3,1:13.953,209.760,2022,21,Brazilian Grand Prix,2022-11-13,18:00:00,http://en.wikipedia.org/wiki/2022_Brazilian_Grand_Prix,2022-11-11,15:30:00,2022-11-12,15:30:00,\N,\N,2022-11-11,19:00:00,2022-11-12,19:30:00,55,5,1:14.680,1:10.890,1:12.357,55,5,2,2,2,7,24,+3.995,1815302,2,1:14.522,sainz,55,SAI,Carlos,Sainz,1994-09-01,Spanish,http://en.wikipedia.org/wiki/Carlos_Sainz_Jr.,ferrari,Ferrari,Italian,http://en.wikipedia.org/wiki/Scuderia_Ferrari,Finished,interlagos,Autódromo José Carlos Pace,São Paulo,Brazil,-23.7036,-46.6997,785,http://en.wikipedia.org/wiki/Aut%C3%B3dromo_Jos%C3%A9_Carlos_Pace,234.0,6,6,1,524.0,2,2,4,3.0,4.0,3.0,3.0,3.0,4.0,3.0,4.0,0,1,1,1,0,71,305.879,4.309,15,42.98,338.3,-3.25,-2.0,23.0,21.0
77,14,9,9,9,2.0,71,+22.552,5936596,62,14,1:15.511,205.432,2022,21,Brazilian Grand Prix,2022-11-13,18:00:00,http://en.wikipedia.org/wiki/2022_Brazilian_Grand_Prix,2022-11-11,15:30:00,2022-11-12,15:30:00,\N,\N,2022-11-11,19:00:00,2022-11-12,19:30:00,77,18,1:15.486,\N,\N,77,18,14,14,14,0,24,+42.338,1853645,8,1:15.980,bottas,77,BOT,Valtteri,Bottas,1989-08-28,Finnish,http://en.wikipedia.org/wiki/Valtteri_Bottas,alfa,Alfa Romeo,Swiss,http://en.wikipedia.org/wiki/Alfa_Romeo_in_Formula_One,Finished,interlagos,Autódromo José Carlos Pace,São Paulo,Brazil,-23.7036,-46.6997,785,http://en.wikipedia.org/wiki/Aut%C3%B3dromo_Jos%C3%A9_Carlos_Pace,49.0,10,10,0,55.0,6,6,0,3.0,4.0,3.0,3.0,3.0,4.0,3.0,4.0,0,1,1,1,0,71,305.879,4.309,15,42.98,338.3,-3.25,-2.0,23.0,21.0
24,13,12,12,12,0.0,71,+29.325,5943369,64,17,1:15.802,204.643,2022,21,Brazilian Grand Prix,2022-11-13,18:00:00,http://en.wikipedia.org/wiki/2022_Brazilian_Grand_Prix,2022-11-11,15:30:00,2022-11-12,15:30:00,\N,\N,2022-11-11,19:00:00,2022-11-12,19:30:00,24,17,1:15.197,\N,\N,24,17,13,13,13,0,24,+41.763,1853070,7,1:15.765,zhou,24,ZHO,Guanyu,Zhou,1999-05-30,Chinese,http://en.wikipedia.org/wiki/Zhou_Guanyu,alfa,Alfa Romeo,Swiss,http://en.wikipedia.org/wiki/Alfa_Romeo_in_Formula_One,Finished,interlagos,Autódromo José Carlos Pace,São Paulo,Brazil,-23.7036,-46.6997,785,http://en.wikipedia.org/wiki/Aut%C3%B3dromo_Jos%C3%A9_Carlos_Pace,6.0,18,18,0,55.0,6,6,0,3.0,4.0,3.0,3.0,3.0,4.0,3.0,4.0,0,1,1,1,0,71,305.879,4.309,15,42.98,338.3,-3.25,-2.0,23.0,21.0
10,10,14,14,14,0.0,71,+31.867,5945911,64,12,1:15.327,205.934,2022,21,Brazilian Grand Prix,2022-11-13,18:00:00,http://en.wikipedia.org/wiki/2022_Brazilian_Grand_Prix,2022-11-11,15:30:00,2022-11-12,15:30:00,\N,\N,2022-11-11,19:00:00,2022-11-12,19:30:00,10,12,1:14.371,1:11.675,,10,12,10,10,10,0,24,+34.170,1845477,3,1:15.290,gasly,10,GAS,Pierre,Gasly,1996-02-07,French,http://en.wikipedia.org/wiki/Pierre_Gasly,alphatauri,AlphaTauri,Italian,http://en.wikipedia.org/wiki/Scuderia_AlphaTauri,Finished,interlagos,Autódromo José Carlos Pace,São Paulo,Brazil,-23.7036,-46.6997,785,http://en.wikipedia.org/wiki/Aut%C3%B3dromo_Jos%C3%A9_Carlos_Pace,23.0,14,14,0,35.0,9,9,0,3.0,4.0,3.0,3.0,3.0,4.0,3.0,4.0,0,1,1,1,0,71,305.879,4.309,15,42.98,338.3,-3.25,-2.0,23.0,21.0
22,0,17,17,17,0.0,70,\N,\N,63,13,1:15.508,205.440,2022,21,Brazilian Grand Prix,2022-11-13,18:00:00,http://en.wikipedia.org/wiki/2022_Brazilian_Grand_Prix,2022-11-11,15:30:00,2022-11-12,15:30:00,\N,\N,2022-11-11,19:00:00,2022-11-12,19:30:00,22,19,1:16.264,\N,\N,22,19,15,15,15,0,24,+50.306,1861613,4,1:16.413,tsunoda,22,TSU,Yuki,Tsunoda,2000-05-11,Japanese,http://en.wikipedia.org/wiki/Yuki_Tsunoda,alphatauri,AlphaTauri,Italian,http://en.wikipedia.org/wiki/Scuderia_AlphaTauri,+1 Lap,interlagos,Autódromo José Carlos Pace,São Paulo,Brazil,-23.7036,-46.6997,785,http://en.wikipedia.org/wiki/Aut%C3%B3dromo_Jos%C3%A9_Carlos_Pace,12.0,17,17,0,35.0,9,9,0,3.0,4.0,3.0,3.0,3.0,4.0,3.0,4.0,0,1,1,1,0,71,305.879,4.309,15,42.98,338.3,-3.25,-2.0,23.0,21.0
14,17,5,5,5,10.0,71,+9.561,5923605,62,4,1:14.164,209.163,2022,21,Brazilian Grand Prix,2022-11-13,18:00:00,http://en.wikipedia.org/wiki/2022_Brazilian_Grand_Prix,2022-11-11,15:30:00,2022-11-12,15:30:00,\N,\N,2022-11-11,19:00:00,2022-11-12,19:30:00,14,7,1:13.542,1:11.394,1:12.504,14,7,18,18,18,0,24,+53.985,1865292,5,1:14.764,alonso,14,ALO,Fernando,Alonso,1981-07-29,Spanish,http://en.wikipedia.org/wiki/Fernando_Alonso,alpine,Alpine F1 Team,French,http://en.wikipedia.org/wiki/Alpine_F1_Team,Finished,interlagos,Autódromo José Carlos Pace,São Paulo,Brazil,-23.7036,-46.6997,785,http://en.wikipedia.org/wiki/Aut%C3%B3dromo_Jos%C3%A9_Carlos_Pace,81.0,9,9,0,167.0,4,4,0,3.0,4.0,3.0,3.0,3.0,4.0,3.0,4.0,0,1,1,1,0,71,305.879,4.309,15,42.98,338.3,-3.25,-2.0,23.0,21.0
31,16,8,8,8,4.0,71,+18.690,5932734,65,9,1:15.093,206.575,2022,21,Brazilian Grand Prix,2022-11-13,18:00:00,http://en.wikipedia.org/wiki/2022_Brazilian_Grand_Prix,2022-11-11,15:30:00,2022-11-12,15:30:00,\N,\N,2022-11-11,19:00:00,2022-11-12,19:30:00,31,6,1:14.663,1:11.587,1:12.425,31,6,17,17,17,0,24,+51.756,1863063,5,1:16.097,ocon,31,OCO,Esteban,Ocon,1996-09-17,French,http://en.wikipedia.org/wiki/Esteban_Ocon,alpine,Alpine F1 Team,French,http://en.wikipedia.org/wiki/Alpine_F1_Team,Finished,interlagos,Autódromo José Carlos Pace,São Paulo,Brazil,-23.7036,-46.6997,785,http://en.wikipedia.org/wiki/Aut%C3%B3dromo_Jos%C3%A9_Carlos_Pace,86.0,8,8,0,167.0,4,4,0,3.0,4.0,3.0,3.0,3.0,4.0,3.0,4.0,0,1,1,1,0,71,305.879,4.309,15,42.98,338.3,-3.25,-2.0,23.0,21.0
18,15,10,10,10,1.0,71,+23.552,5937596,50,8,1:14.831,207.299,2022,21,Brazilian Grand Prix,2022-11-13,18:00:00,http://en.wikipedia.org/wiki/2022_Brazilian_Grand_Prix,2022-11-11,15:30:00,2022-11-12,15:30:00,\N,\N,2022-11-11,19:00:00,2022-11-12,19:30:00,18,15,1:14.398,1:12.210,\N,18,15,16,16,16,0,24,+50.700,1862007,4,1:15.425,stroll,18,STR,Lance,Stroll,1998-10-29,Canadian,http://en.wikipedia.org/wiki/Lance_Stroll,aston_martin,Aston Martin,British,http://en.wikipedia.org/wiki/Aston_Martin_in_Formula_One,Finished,interlagos,Autódromo José Carlos Pace,São Paulo,Brazil,-23.7036,-46.6997,785,http://en.wikipedia.org/wiki/Aut%C3%B3dromo_Jos%C3%A9_Carlos_Pace,14.0,15,15,0,50.0,7,7,0,3.0,4.0,3.0,3.0,3.0,4.0,3.0,4.0,0,1,1,1,0,71,305.879,4.309,15,42.98,338.3,-3.25,-2.0,23.0,21.0
5,9,11,11,11,0.0,71,+26.183,5940227,64,15,1:15.549,205.328,2022,21,Brazilian Grand Prix,2022-11-13,18:00:00,http://en.wikipedia.org/wiki/2022_Brazilian_Grand_Prix,2022-11-11,15:30:00,2022-11-12,15:30:00,\N,\N,2022-11-11,19:00:00,2022-11-12,19:30:00,5,13,1:13.597,1:11.678,,5,13,9,9,9,0,24,+30.218,1841525,4,1:15.451,vettel,5,VET,Sebastian,Vettel,1987-07-03,German,http://en.wikipedia.org/wiki/Sebastian_Vettel,aston_martin,Aston Martin,British,http://en.wikipedia.org/wiki/Aston_Martin_in_Formula_One,Finished,interlagos,Autódromo José Carlos Pace,São Paulo,Brazil,-23.7036,-46.6997,785,http://en.wikipedia.org/wiki/Aut%C3%B3dromo_Jos%C3%A9_Carlos_Pace,36.0,11,11,0,50.0,7,7,0,3.0,4.0,3.0,3.0,3.0,4.0,3.0,4.0,0,1,1,1,0,71,305.879,4.309,15,42.98,338.3,-3.25,-2.0,23.0,21.0
6,18,16,16,16,0.0,71,+37.038,5951082,59,11,1:15.327,205.934,2022,21,Brazilian Grand Prix,2022-11-13,18:00:00,http://en.wikipedia.org/wiki/2022_Brazilian_Grand_Prix,2022-11-11,15:30:00,2022-11-12,15:30:00,\N,\N,2022-11-11,19:00:00,2022-11-12,19:30:00,6,16,1:15.095,\N,\N,6,16,19,19,19,0,24,+1:16.850,1888157,4,1:16.525,latifi,6,LAT,Nicholas,Latifi,1995-06-29,Canadian,http://en.wikipedia.org/wiki/Nicholas_Latifi,williams,Williams,British,http://en.wikipedia.org/wiki/Williams_Grand_Prix_Engineering,Finished,interlagos,Autódromo José Carlos Pace,São Paulo,Brazil,-23.7036,-46.6997,785,http://en.wikipedia.org/wiki/Aut%C3%B3dromo_Jos%C3%A9_Carlos_Pace,2.0,20,20,0,8.0,10,10,0,3.0,4.0,3.0,3.0,3.0,4.0,3.0,4.0,0,1,1,1,0,71,305.879,4.309,15,42.98,338.3,-3.25,-2.0,23.0,21.0
23,19,15,15,15,0.0,71,+36.016,5950060,49,16,1:15.613,205.155,2022,21,Brazilian Grand Prix,2022-11-13,18:00:00,http://en.wikipedia.org/wiki/2022_Brazilian_Grand_Prix,2022-11-11,15:30:00,2022-11-12,15:30:00,\N,\N,2022-11-11,19:00:00,2022-11-12,19:30:00,23,11,1:14.324,1:11.631,,23,11,\N,R,20,0,12,\N,\N,4,1:15.998,albon,23,ALB,Alexander,Albon,1996-03-23,Thai,http://en.wikipedia.org/wiki/Alexander_Albon,williams,Williams,British,http://en.wikipedia.org/wiki/Williams_Grand_Prix_Engineering,Finished,interlagos,Autódromo José Carlos Pace,São Paulo,Brazil,-23.7036,-46.6997,785,http://en.wikipedia.org/wiki/Aut%C3%B3dromo_Jos%C3%A9_Carlos_Pace,4.0,19,19,0,8.0,10,10,0,3.0,4.0,3.0,3.0,3.0,4.0,3.0,4.0,0,1,1,1,0,71,305.879,4.309,15,42.98,338.3,-3.25,-2.0,23.0,21.0
11,4,7,7,7,6.0,71,+14.080,5928124,62,7,1:14.283,208.828,2022,21,Brazilian Grand Prix,2022-11-13,18:00:00,http://en.wikipedia.org/wiki/2022_Brazilian_Grand_Prix,2022-11-11,15:30:00,2022-11-12,15:30:00,\N,\N,2022-11-11,19:00:00,2022-11-12,19:30:00,11,9,1:13.613,1:11.456,1:15.601,11,9,5,5,5,4,24,+11.855,1823162,5,1:14.699,perez,11,PER,Sergio,Pérez,1990-01-26,Mexican,http://en.wikipedia.org/wiki/Sergio_P%C3%A9rez,red_bull,Red Bull,Austrian,http://en.wikipedia.org/wiki/Red_Bull_Racing,Finished,interlagos,Autódromo José Carlos Pace,São Paulo,Brazil,-23.7036,-46.6997,785,http://en.wikipedia.org/wiki/Aut%C3%B3dromo_Jos%C3%A9_Carlos_Pace,290.0,3,3,2,719.0,1,1,16,3.0,4.0,3.0,3.0,3.0,4.0,3.0,4.0,0,1,1,1,0,71,305.879,4.309,15,42.98,338.3,-3.25,-2.0,23.0,21.0
1,3,6,6,6,8.0,71,+10.056,5924100,64,5,1:14.195,209.076,2022,21,Brazilian Grand Prix,2022-11-13,18:00:00,http://en.wikipedia.org/wiki/2022_Brazilian_Grand_Prix,2022-11-11,15:30:00,2022-11-12,15:30:00,\N,\N,2022-11-11,19:00:00,2022-11-12,19:30:00,1,2,1:13.625,1:10.881,1:11.877,1,2,4,4,4,5,24,+10.494,1821801,5,1:14.507,max_verstappen,33,VER,Max,Verstappen,1997-09-30,Dutch,http://en.wikipedia.org/wiki/Max_Verstappen,red_bull,Red Bull,Austrian,http://en.wikipedia.org/wiki/Red_Bull_Racing,Finished,interlagos,Autódromo José Carlos Pace,São Paulo,Brazil,-23.7036,-46.6997,785,http://en.wikipedia.org/wiki/Aut%C3%B3dromo_Jos%C3%A9_Carlos_Pace,429.0,1,1,14,719.0,1,1,16,3.0,4.0,3.0,3.0,3.0,4.0,3.0,4.0,0,1,1,1,0,71,305.879,4.309,15,42.98,338.3,-3.25,-2.0,23.0,21.0
47,12,13,13,13,0.0,71,+29.899,5943943,63,10,1:15.251,206.142,2022,21,Brazilian Grand Prix,2022-11-13,18:00:00,http://en.wikipedia.org/wiki/2022_Brazilian_Grand_Prix,2022-11-11,15:30:00,2022-11-12,15:30:00,\N,\N,2022-11-11,19:00:00,2022-11-12,19:30:00,47,20,1:16.361,\N,\N,47,20,12,12,12,0,24,+41.159,1852466,5,1:15.771,mick_schumacher,47,MSC,Mick,Schumacher,1999-03-22,German,http://en.wikipedia.org/wiki/Mick_Schumacher,haas,Haas F1 Team,American,http://en.wikipedia.org/wiki/Haas_F1_Team,Finished,interlagos,Autódromo José Carlos Pace,São Paulo,Brazil,-23.7036,-46.6997,785,http://en.wikipedia.org/wiki/Aut%C3%B3dromo_Jos%C3%A9_Carlos_Pace,12.0,16,16,0,37.0,8,8,0,3.0,4.0,3.0,3.0,3.0,4.0,3.0,4.0,0,1,1,1,0,71,305.879,4.309,15,42.98,338.3,-3.25,-2.0,23.0,21.0
20,8,\N,R,19,0.0,0,\N,\N,\N,0,\N,\N,2022,21,Brazilian Grand Prix,2022-11-13,18:00:00,http://en.wikipedia.org/wiki/2022_Brazilian_Grand_Prix,2022-11-11,15:30:00,2022-11-12,15:30:00,\N,\N,2022-11-11,19:00:00,2022-11-12,19:30:00,20,1,1:13.954,1:11.410,1:11.674,20,1,8,8,8,1,24,+28.768,1840075,2,1:15.110,kevin_magnussen,20,MAG,Kevin,Magnussen,1992-10-05,Danish,http://en.wikipedia.org/wiki/Kevin_Magnussen,haas,Haas F1 Team,American,http://en.wikipedia.org/wiki/Haas_F1_Team,Collision,interlagos,Autódromo José Carlos Pace,São Paulo,Brazil,-23.7036,-46.6997,785,http://en.wikipedia.org/wiki/Aut%C3%B3dromo_Jos%C3%A9_Carlos_Pace,25.0,13,13,0,37.0,8,8,0,3.0,4.0,3.0,3.0,3.0,4.0,3.0,4.0,0,1,1,1,0,71,305.879,4.309,15,42.98,338.3,-3.25,-2.0,23.0,21.0
3,11,\N,R,20,0.0,0,\N,\N,\N,0,\N,\N,2022,21,Brazilian Grand Prix,2022-11-13,18:00:00,http://en.wikipedia.org/wiki/2022_Brazilian_Grand_Prix,2022-11-11,15:30:00,2022-11-12,15:30:00,\N,\N,2022-11-11,19:00:00,2022-11-12,19:30:00,3,14,1:14.931,1:12.140,,3,14,11,11,11,0,24,+39.395,1850702,5,1:15.385,ricciardo,3,RIC,Daniel,Ricciardo,1989-07-01,Australian,http://en.wikipedia.org/wiki/Daniel_Ricciardo,mclaren,McLaren,British,http://en.wikipedia.org/wiki/McLaren,Collision,interlagos,Autódromo José Carlos Pace,São Paulo,Brazil,-23.7036,-46.6997,785,http://en.wikipedia.org/wiki/Aut%C3%B3dromo_Jos%C3%A9_Carlos_Pace,35.0,12,12,0,148.0,5,5,0,3.0,4.0,3.0,3.0,3.0,4.0,3.0,4.0,0,1,1,1,0,71,305.879,4.309,15,42.98,338.3,-3.25,-2.0,23.0,21.0
4,6,\N,R,18,0.0,50,\N,\N,48,18,1:15.855,204.500,2022,21,Brazilian Grand Prix,2022-11-13,18:00:00,http://en.wikipedia.org/wiki/2022_Brazilian_Grand_Prix,2022-11-11,15:30:00,2022-11-12,15:30:00,\N,\N,2022-11-11,19:00:00,2022-11-12,19:30:00,4,4,1:13.106,1:11.377,1:12.263,4,4,7,7,7,2,24,+25.624,1836931,4,1:15.380,norris,4,NOR,Lando,Norris,1999-11-13,British,http://en.wikipedia.org/wiki/Lando_Norris,mclaren,McLaren,British,http://en.wikipedia.org/wiki/McLaren,Gearbox,interlagos,Autódromo José Carlos Pace,São Paulo,Brazil,-23.7036,-46.6997,785,http://en.wikipedia.org/wiki/Aut%C3%B3dromo_Jos%C3%A9_Carlos_Pace,113.0,7,7,0,148.0,5,5,0,3.0,4.0,3.0,3.0,3.0,4.0,3.0,4.0,0,1,1,1,0,71,305.879,4.309,15,42.98,338.3,-3.25,-2.0,23.0,21.0
44,8,3,3,3,15.0,71,+41.217,5105529,63,5,1:09.000,225.286,2022,11,Austrian Grand Prix,2022-07-10,13:00:00,http://en.wikipedia.org/wiki/2022_Austrian_Grand_Prix,2022-07-08,11:30:00,2022-07-09,10:30:00,\N,\N,2022-07-08,15:00:00,2022-07-09,14:30:00,44,9,1:06.079,1:05.475,1:13.151,44,9,8,8,8,1,23,+35.447,1625506,7,1:09.516,hamilton,44,HAM,Lewis,Hamilton,1985-01-07,British,http://en.wikipedia.org/wiki/Lewis_Hamilton,mercedes,Mercedes,German,http://en.wikipedia.org/wiki/Mercedes-Benz_in_Formula_One,Finished,red_bull_ring,Red Bull Ring,Spielberg,Austria,47.2197,14.7647,678,http://en.wikipedia.org/wiki/Red_Bull_Ring,109.0,6,6,0,237.0,3,3,0,2.0,3.0,3.0,3.0,3.0,4.0,3.0,3.0,0,0,1,1,1,71,306.452,4.318,10,63.4,324.7,-3.25,-1.75,23.0,20.0
63,4,4,4,4,12.0,71,+58.972,5123284,61,6,1:09.075,225.042,2022,11,Austrian Grand Prix,2022-07-10,13:00:00,http://en.wikipedia.org/wiki/2022_Austrian_Grand_Prix,2022-07-08,11:30:00,2022-07-09,10:30:00,\N,\N,2022-07-08,15:00:00,2022-07-09,14:30:00,63,4,1:06.235,1:05.697,1:05.431,63,4,4,4,4,5,23,+13.429,1603488,4,1:08.979,russell,63,RUS,George,Russell,1998-02-15,British,http://en.wikipedia.org/wiki/George_Russell_(racing_driver),mercedes,Mercedes,German,http://en.wikipedia.org/wiki/Mercedes-Benz_in_Formula_One,Finished,red_bull_ring,Red Bull Ring,Spielberg,Austria,47.2197,14.7647,678,http://en.wikipedia.org/wiki/Red_Bull_Ring,128.0,5,5,0,237.0,3,3,0,2.0,3.0,3.0,3.0,3.0,4.0,3.0,3.0,0,0,1,1,1,71,306.452,4.318,10,63.4,324.7,-3.25,-1.75,23.0,20.0
44,5,8,8,8,4.0,71,+49.196,5182803,49,10,1:09.283,224.366,2023,9,Austrian Grand Prix,2023-07-02,13:00:00,https://en.wikipedia.org/wiki/2023_Austrian_Grand_Prix,2023-06-30,11:30:00,2023-07-01,10:30:00,\N,\N,2023-06-30,15:00:00,2023-07-01,14:30:00,44,5,1:05.673,1:05.188,1:04.819,44,18,10,10,10,0,24,+46.375,1873105,24,1:10.775,hamilton,44,HAM,Lewis,Hamilton,1985-01-07,British,http://en.wikipedia.org/wiki/Lewis_Hamilton,mercedes,Mercedes,German,http://en.wikipedia.org/wiki/Mercedes-Benz_in_Formula_One,Finished,red_bull_ring,Red Bull Ring,Spielberg,Austria,47.2197,14.7647,678,http://en.wikipedia.org/wiki/Red_Bull_Ring,106.0,4,4,0,178.0,2,2,0,2.0,3.0,3.0,3.0,3.0,4.0,3.0,3.0,0,0,1,1,1,71,306.452,4.318,10,63.4,324.7,-3.25,-1.75,23.0,20.0
63,11,7,7,7,6.0,71,+48.403,5182010,48,9,1:09.160,224.765,2023,9,Austrian Grand Prix,2023-07-02,13:00:00,https://en.wikipedia.org/wiki/2023_Austrian_Grand_Prix,2023-06-30,11:30:00,2023-07-01,10:30:00,\N,\N,2023-06-30,15:00:00,2023-07-01,14:30:00,63,11,1:05.686,1:05.428,\N,63,15,8,8,8,1,24,+36.611,1863341,23,1:10.385,russell,63,RUS,George,Russell,1998-02-15,British,http://en.wikipedia.org/wiki/George_Russell_(racing_driver),mercedes,Mercedes,German,http://en.wikipedia.org/wiki/Mercedes-Benz_in_Formula_One,Finished,red_bull_ring,Red Bull Ring,Spielberg,Austria,47.2197,14.7647,678,http://en.wikipedia.org/wiki/Red_Bull_Ring,72.0,7,7,0,178.0,2,2,0,2.0,3.0,3.0,3.0,3.0,4.0,3.0,3.0,0,0,1,1,1,71,306.452,4.318,10,63.4,324.7,-3.25,-1.75,23.0,20.0
16,2,1,1,1,25.0,71,1:24:24.312,5064312,62,2,1:07.583,230.010,2022,11,Austrian Grand Prix,2022-07-10,13:00:00,http://en.wikipedia.org/wiki/2022_Austrian_Grand_Prix,2022-07-08,11:30:00,2022-07-09,10:30:00,\N,\N,2022-07-08,15:00:00,2022-07-09,14:30:00,16,2,1:05.419,1:05.287,1:05.013,16,2,2,2,2,7,23,+1.675,1591734,4,1:08.321,leclerc,16,LEC,Charles,Leclerc,1997-10-16,Monegasque,http://en.wikipedia.org/wiki/Charles_Leclerc,ferrari,Ferrari,Italian,http://en.wikipedia.org/wiki/Scuderia_Ferrari,Finished,red_bull_ring,Red Bull Ring,Spielberg,Austria,47.2197,14.7647,678,http://en.wikipedia.org/wiki/Red_Bull_Ring,170.0,2,2,3,303.0,2,2,4,2.0,3.0,3.0,3.0,3.0,4.0,3.0,3.0,0,0,1,1,1,71,306.452,4.318,10,63.4,324.7,-3.25,-1.75,23.0,20.0
55,3,\N,R,18,0.0,56,\N,\N,55,4,1:08.649,226.438,2022,11,Austrian Grand Prix,2022-07-10,13:00:00,http://en.wikipedia.org/wiki/2022_Austrian_Grand_Prix,2022-07-08,11:30:00,2022-07-09,10:30:00,\N,\N,2022-07-08,15:00:00,2022-07-09,14:30:00,55,3,1:05.660,1:05.576,1:05.066,55,3,3,3,3,6,23,+5.644,1595703,4,1:08.409,sainz,55,SAI,Carlos,Sainz,1994-09-01,Spanish,http://en.wikipedia.org/wiki/Carlos_Sainz_Jr.,ferrari,Ferrari,Italian,http://en.wikipedia.org/wiki/Scuderia_Ferrari,Power Unit,red_bull_ring,Red Bull Ring,Spielberg,Austria,47.2197,14.7647,678,http://en.wikipedia.org/wiki/Red_Bull_Ring,133.0,4,4,1,303.0,2,2,4,2.0,3.0,3.0,3.0,3.0,4.0,3.0,3.0,0,0,1,1,1,71,306.452,4.318,10,63.4,324.7,-3.25,-1.75,23.0,20.0
16,2,2,2,2,18.0,71,+5.155,5138762,51,5,1:08.820,225.876,2023,9,Austrian Grand Prix,2023-07-02,13:00:00,https://en.wikipedia.org/wiki/2023_Austrian_Grand_Prix,2023-06-30,11:30:00,2023-07-01,10:30:00,\N,\N,2023-06-30,15:00:00,2023-07-01,14:30:00,16,2,1:05.577,1:05.087,1:04.439,16,9,12,12,12,0,24,+50.789,1877519,24,1:10.686,leclerc,16,LEC,Charles,Leclerc,1997-10-16,Monegasque,http://en.wikipedia.org/wiki/Charles_Leclerc,ferrari,Ferrari,Italian,http://en.wikipedia.org/wiki/Scuderia_Ferrari,Finished,red_bull_ring,Red Bull Ring,Spielberg,Austria,47.2197,14.7647,678,http://en.wikipedia.org/wiki/Red_Bull_Ring,72.0,6,6,0,154.0,4,4,0,2.0,3.0,3.0,3.0,3.0,4.0,3.0,3.0,0,0,1,1,1,71,306.452,4.318,10,63.4,324.7,-3.25,-1.75,23.0,20.0
55,3,6,6,6,8.0,71,+31.377,5164984,54,8,1:09.108,224.934,2023,9,Austrian Grand Prix,2023-07-02,13:00:00,https://en.wikipedia.org/wiki/2023_Austrian_Grand_Prix,2023-06-30,11:30:00,2023-07-01,10:30:00,\N,\N,2023-06-30,15:00:00,2023-07-01,14:30:00,55,3,1:05.339,1:04.975,1:04.581,55,5,3,3,3,6,24,+23.088,1849818,16,1:15.457,sainz,55,SAI,Carlos,Sainz,1994-09-01,Spanish,http://en.wikipedia.org/wiki/Carlos_Sainz_Jr.,ferrari,Ferrari,Italian,http://en.wikipedia.org/wiki/Scuderia_Ferrari,Finished,red_bull_ring,Red Bull Ring,Spielberg,Austria,47.2197,14.7647,678,http://en.wikipedia.org/wiki/Red_Bull_Ring,82.0,5,5,0,154.0,4,4,0,2.0,3.0,3.0,3.0,3.0,4.0,3.0,3.0,0,0,1,1,1,71,306.452,4.318,10,63.4,324.7,-3.25,-1.75,23.0,20.0
4,4,4,4,4,12.0,71,+26.327,5159934,50,6,1:08.880,225.679,2023,9,Austrian Grand Prix,2023-07-02,13:00:00,https://en.wikipedia.org/wiki/2023_Austrian_Grand_Prix,2023-06-30,11:30:00,2023-07-01,10:30:00,\N,\N,2023-06-30,15:00:00,2023-07-01,14:30:00,4,4,1:05.617,1:05.038,1:04.658,4,3,9,9,9,0,24,+38.608,1865338,19,1:15.627,norris,4,NOR,Lando,Norris,1999-11-13,British,http://en.wikipedia.org/wiki/Lando_Norris,mclaren,McLaren,British,http://en.wikipedia.org/wiki/McLaren,Finished,red_bull_ring,Red Bull Ring,Spielberg,Austria,47.2197,14.7647,678,http://en.wikipedia.org/wiki/Red_Bull_Ring,24.0,10,10,0,29.0,6,6,0,2.0,3.0,3.0,3.0,3.0,4.0,3.0,3.0,0,0,1,1,1,71,306.452,4.318,10,63.4,324.7,-3.25,-1.75,23.0,20.0
81,13,16,16,16,0.0,70,\N,\N,49,18,1:09.940,222.259,2023,9,Austrian Grand Prix,2023-07-02,13:00:00,https://en.wikipedia.org/wiki/2023_Austrian_Grand_Prix,2023-06-30,11:30:00,2023-07-01,10:30:00,\N,\N,2023-06-30,15:00:00,2023-07-01,14:30:00,81,13,1:05.683,1:05.605,\N,81,17,11,11,11,0,24,+49.807,1876537,24,1:10.274,piastri,81,PIA,Oscar,Piastri,2001-04-06,Australian,http://en.wikipedia.org/wiki/Oscar_Piastri,mclaren,McLaren,British,http://en.wikipedia.org/wiki/McLaren,+1 Lap,red_bull_ring,Red Bull Ring,Spielberg,Austria,47.2197,14.7647,678,http://en.wikipedia.org/wiki/Red_Bull_Ring,5.0,14,14,0,29.0,6,6,0,2.0,3.0,3.0,3.0,3.0,4.0,3.0,3.0,0,0,1,1,1,71,306.452,4.318,10,63.4,324.7,-3.25,-1.75,23.0,20.0
31,6,5,5,5,10.0,71,+1:08.436,5132748,62,10,1:09.559,223.476,2022,11,Austrian Grand Prix,2022-07-10,13:00:00,http://en.wikipedia.org/wiki/2022_Austrian_Grand_Prix,2022-07-08,11:30:00,2022-07-09,10:30:00,\N,\N,2022-07-08,15:00:00,2022-07-09,14:30:00,31,5,1:06.468,1:05.993,1:05.726,31,5,6,6,6,3,23,+31.032,1621091,4,1:09.384,ocon,31,OCO,Esteban,Ocon,1996-09-17,French,http://en.wikipedia.org/wiki/Esteban_Ocon,alpine,Alpine F1 Team,French,http://en.wikipedia.org/wiki/Alpine_F1_Team,Finished,red_bull_ring,Red Bull Ring,Spielberg,Austria,47.2197,14.7647,678,http://en.wikipedia.org/wiki/Red_Bull_Ring,52.0,8,8,0,81.0,5,5,0,2.0,3.0,3.0,3.0,3.0,4.0,3.0,3.0,0,0,1,1,1,71,306.452,4.318,10,63.4,324.7,-3.25,-1.75,23.0,20.0
14,19,10,10,10,1.0,70,\N,\N,62,3,1:08.558,226.739,2022,11,Austrian Grand Prix,2022-07-10,13:00:00,http://en.wikipedia.org/wiki/2022_Austrian_Grand_Prix,2022-07-08,11:30:00,2022-07-09,10:30:00,\N,\N,2022-07-08,15:00:00,2022-07-09,14:30:00,14,8,1:06.016,1:06.082,1:06.103,14,8,\N,N,20,0,0,\N,\N,\N,\N,alonso,14,ALO,Fernando,Alonso,1981-07-29,Spanish,http://en.wikipedia.org/wiki/Fernando_Alonso,alpine,Alpine F1 Team,French,http://en.wikipedia.org/wiki/Alpine_F1_Team,+1 Lap,red_bull_ring,Red Bull Ring,Spielberg,Austria,47.2197,14.7647,678,http://en.wikipedia.org/wiki/Red_Bull_Ring,29.0,10,10,0,81.0,5,5,0,2.0,3.0,3.0,3.0,3.0,4.0,3.0,3.0,0,0,1,1,1,71,306.452,4.318,10,63.4,324.7,-3.25,-1.75,23.0,20.0
10,9,10,10,10,1.0,71,+1:07.667,5201274,57,3,1:08.463,227.054,2023,9,Austrian Grand Prix,2023-07-02,13:00:00,https://en.wikipedia.org/wiki/2023_Austrian_Grand_Prix,2023-06-30,11:30:00,2023-07-01,10:30:00,\N,\N,2023-06-30,15:00:00,2023-07-01,14:30:00,10,9,1:05.515,1:05.308,1:05.170,10,12,15,15,15,0,24,+57.652,1884382,22,1:16.109,gasly,10,GAS,Pierre,Gasly,1996-02-07,French,http://en.wikipedia.org/wiki/Pierre_Gasly,alpine,Alpine F1 Team,French,http://en.wikipedia.org/wiki/Alpine_F1_Team,Finished,red_bull_ring,Red Bull Ring,Spielberg,Austria,47.2197,14.7647,678,http://en.wikipedia.org/wiki/Red_Bull_Ring,16.0,11,11,0,47.0,5,5,0,2.0,3.0,3.0,3.0,3.0,4.0,3.0,3.0,0,0,1,1,1,71,306.452,4.318,10,63.4,324.7,-3.25,-1.75,23.0,20.0
31,12,14,14,14,0.0,70,\N,\N,46,14,1:09.786,222.749,2023,9,Austrian Grand Prix,2023-07-02,13:00:00,https://en.wikipedia.org/wiki/2023_Austrian_Grand_Prix,2023-06-30,11:30:00,2023-07-01,10:30:00,\N,\N,2023-06-30,15:00:00,2023-07-01,14:30:00,31,12,1:05.729,1:05.453,\N,31,8,7,7,7,2,24,+36.602,1863332,22,1:15.512,ocon,31,OCO,Esteban,Ocon,1996-09-17,French,http://en.wikipedia.org/wiki/Esteban_Ocon,alpine,Alpine F1 Team,French,http://en.wikipedia.org/wiki/Alpine_F1_Team,+1 Lap,red_bull_ring,Red Bull Ring,Spielberg,Austria,47.2197,14.7647,678,http://en.wikipedia.org/wiki/Red_Bull_Ring,31.0,9,9,0,47.0,5,5,0,2.0,3.0,3.0,3.0,3.0,4.0,3.0,3.0,0,0,1,1,1,71,306.452,4.318,10,63.4,324.7,-3.25,-1.75,23.0,20.0
14,7,5,5,5,10.0,71,+30.317,5163924,48,4,1:08.739,226.142,2023,9,Austrian Grand Prix,2023-07-02,13:00:00,https://en.wikipedia.org/wiki/2023_Austrian_Grand_Prix,2023-06-30,11:30:00,2023-07-01,10:30:00,\N,\N,2023-06-30,15:00:00,2023-07-01,14:30:00,14,7,1:05.655,1:05.181,1:04.911,14,6,5,5,5,4,24,+30.109,1856839,18,1:14.978,alonso,14,ALO,Fernando,Alonso,1981-07-29,Spanish,http://en.wikipedia.org/wiki/Fernando_Alonso,aston_martin,Aston Martin,British,http://en.wikipedia.org/wiki/Aston_Martin_in_Formula_One,Finished,red_bull_ring,Red Bull Ring,Spielberg,Austria,47.2197,14.7647,678,http://en.wikipedia.org/wiki/Red_Bull_Ring,131.0,3,3,0,175.0,3,3,0,2.0,3.0,3.0,3.0,3.0,4.0,3.0,3.0,0,0,1,1,1,71,306.452,4.318,10,63.4,324.7,-3.25,-1.75,23.0,20.0
18,6,9,9,9,2.0,71,+59.043,5192650,48,7,1:09.046,225.136,2023,9,Austrian Grand Prix,2023-07-02,13:00:00,https://en.wikipedia.org/wiki/2023_Austrian_Grand_Prix,2023-06-30,11:30:00,2023-07-01,10:30:00,\N,\N,2023-06-30,15:00:00,2023-07-01,14:30:00,18,6,1:05.710,1:05.121,1:04.893,18,7,4,4,4,5,24,+29.703,1856433,23,1:15.531,stroll,18,STR,Lance,Stroll,1998-10-29,Canadian,http://en.wikipedia.org/wiki/Lance_Stroll,aston_martin,Aston Martin,British,http://en.wikipedia.org/wiki/Aston_Martin_in_Formula_One,Finished,red_bull_ring,Red Bull Ring,Spielberg,Austria,47.2197,14.7647,678,http://en.wikipedia.org/wiki/Red_Bull_Ring,44.0,8,8,0,175.0,3,3,0,2.0,3.0,3.0,3.0,3.0,4.0,3.0,3.0,0,0,1,1,1,71,306.452,4.318,10,63.4,324.7,-3.25,-1.75,23.0,20.0
23,10,11,11,11,0.0,71,+1:19.767,5213374,53,11,1:09.560,223.473,2023,9,Austrian Grand Prix,2023-07-02,13:00:00,https://en.wikipedia.org/wiki/2023_Austrian_Grand_Prix,2023-06-30,11:30:00,2023-07-01,10:30:00,\N,\N,2023-06-30,15:00:00,2023-07-01,14:30:00,23,10,1:05.673,1:05.387,1:05.823,23,11,13,13,13,0,24,+52.848,1879578,24,1:11.635,albon,23,ALB,Alexander,Albon,1996-03-23,Thai,http://en.wikipedia.org/wiki/Alexander_Albon,williams,Williams,British,http://en.wikipedia.org/wiki/Williams_Grand_Prix_Engineering,Finished,red_bull_ring,Red Bull Ring,Spielberg,Austria,47.2197,14.7647,678,http://en.wikipedia.org/wiki/Red_Bull_Ring,7.0,13,13,0,7.0,9,9,0,2.0,3.0,3.0,3.0,3.0,4.0,3.0,3.0,0,0,1,1,1,71,306.452,4.318,10,63.4,324.7,-3.25,-1.75,23.0,20.0
2,18,13,13,13,0.0,70,\N,\N,45,12,1:09.611,223.309,2023,9,Austrian Grand Prix,2023-07-02,13:00:00,https://en.wikipedia.org/wiki/2023_Austrian_Grand_Prix,2023-06-30,11:30:00,2023-07-01,10:30:00,\N,\N,2023-06-30,15:00:00,2023-07-01,14:30:00,2,18,1:05.948,\N,\N,2,20,18,18,18,0,24,+1:06.059,1892789,21,1:11.829,sargeant,2,SAR,Logan,Sargeant,2000-12-31,American,http://en.wikipedia.org/wiki/Logan_Sargeant,williams,Williams,British,http://en.wikipedia.org/wiki/Williams_Grand_Prix_Engineering,+1 Lap,red_bull_ring,Red Bull Ring,Spielberg,Austria,47.2197,14.7647,678,http://en.wikipedia.org/wiki/Red_Bull_Ring,0.0,19,19,0,7.0,9,9,0,2.0,3.0,3.0,3.0,3.0,4.0,3.0,3.0,0,0,1,1,1,71,306.452,4.318,10,63.4,324.7,-3.25,-1.75,23.0,20.0
11,15,3,3,3,15.0,71,+17.188,5150795,52,2,1:08.111,228.227,2023,9,Austrian Grand Prix,2023-07-02,13:00:00,https://en.wikipedia.org/wiki/2023_Austrian_Grand_Prix,2023-06-30,11:30:00,2023-07-01,10:30:00,\N,\N,2023-06-30,15:00:00,2023-07-01,14:30:00,11,15,1:05.177,2:06.688,\N,11,2,2,2,2,7,24,+21.048,1847778,16,1:15.492,perez,11,PER,Sergio,Pérez,1990-01-26,Mexican,http://en.wikipedia.org/wiki/Sergio_P%C3%A9rez,red_bull,Red Bull,Austrian,http://en.wikipedia.org/wiki/Red_Bull_Racing,Finished,red_bull_ring,Red Bull Ring,Spielberg,Austria,47.2197,14.7647,678,http://en.wikipedia.org/wiki/Red_Bull_Ring,148.0,2,2,2,377.0,1,1,9,2.0,3.0,3.0,3.0,3.0,4.0,3.0,3.0,0,0,1,1,1,71,306.452,4.318,10,63.4,324.7,-3.25,-1.75,23.0,20.0
1,1,1,1,1,26.0,71,1:25:33.607,5133607,71,1,1:07.012,231.970,2023,9,Austrian Grand Prix,2023-07-02,13:00:00,https://en.wikipedia.org/wiki/2023_Austrian_Grand_Prix,2023-06-30,11:30:00,2023-07-01,10:30:00,\N,\N,2023-06-30,15:00:00,2023-07-01,14:30:00,1,1,1:05.116,1:04.951,1:04.391,1,1,1,1,1,8,24,30:26.730,1826730,19,1:14.292,max_verstappen,33,VER,Max,Verstappen,1997-09-30,Dutch,http://en.wikipedia.org/wiki/Max_Verstappen,red_bull,Red Bull,Austrian,http://en.wikipedia.org/wiki/Red_Bull_Racing,Finished,red_bull_ring,Red Bull Ring,Spielberg,Austria,47.2197,14.7647,678,http://en.wikipedia.org/wiki/Red_Bull_Ring,229.0,1,1,7,377.0,1,1,9,2.0,3.0,3.0,3.0,3.0,4.0,3.0,3.0,0,0,1,1,1,71,306.452,4.318,10,63.4,324.7,-3.25,-1.75,23.0,20.0
1,1,2,2,2,19.0,71,+1.532,5065844,62,1,1:07.275,231.063,2022,11,Austrian Grand Prix,2022-07-10,13:00:00,http://en.wikipedia.org/wiki/2022_Austrian_Grand_Prix,2022-07-08,11:30:00,2022-07-09,10:30:00,\N,\N,2022-07-08,15:00:00,2022-07-09,14:30:00,1,1,1:05.852,1:05.374,1:04.984,1,1,1,1,1,8,23,26:30.059,1590059,5,1:08.455,max_verstappen,33,VER,Max,Verstappen,1997-09-30,Dutch,http://en.wikipedia.org/wiki/Max_Verstappen,red_bull,Red Bull,Austrian,http://en.wikipedia.org/wiki/Red_Bull_Racing,Finished,red_bull_ring,Red Bull Ring,Spielberg,Austria,47.2197,14.7647,678,http://en.wikipedia.org/wiki/Red_Bull_Ring,208.0,1,1,6,359.0,1,1,7,2.0,3.0,3.0,3.0,3.0,4.0,3.0,3.0,0,0,1,1,1,71,306.452,4.318,10,63.4,324.7,-3.25,-1.75,23.0,20.0
11,5,\N,R,20,0.0,24,\N,\N,5,20,1:11.843,216.371,2022,11,Austrian Grand Prix,2022-07-10,13:00:00,http://en.wikipedia.org/wiki/2022_Austrian_Grand_Prix,2022-07-08,11:30:00,2022-07-09,10:30:00,\N,\N,2022-07-08,15:00:00,2022-07-09,14:30:00,11,13,1:06.143,1:06.458,\N,11,13,5,5,5,4,23,+18.302,1608361,14,1:09.137,perez,11,PER,Sergio,Pérez,1990-01-26,Mexican,http://en.wikipedia.org/wiki/Sergio_P%C3%A9rez,red_bull,Red Bull,Austrian,http://en.wikipedia.org/wiki/Red_Bull_Racing,Collision damage,red_bull_ring,Red Bull Ring,Spielberg,Austria,47.2197,14.7647,678,http://en.wikipedia.org/wiki/Red_Bull_Ring,151.0,3,3,1,359.0,1,1,7,2.0,3.0,3.0,3.0,3.0,4.0,3.0,3.0,0,0,1,1,1,71,306.452,4.318,10,63.4,324.7,-3.25,-1.75,23.0,20.0
77,0,11,11,11,0.0,70,\N,\N,61,7,1:09.266,224.421,2022,11,Austrian Grand Prix,2022-07-10,13:00:00,http://en.wikipedia.org/wiki/2022_Austrian_Grand_Prix,2022-07-08,11:30:00,2022-07-09,10:30:00,\N,\N,2022-07-08,15:00:00,2022-07-09,14:30:00,77,12,1:06.442,1:06.319,\N,77,12,10,10,10,0,23,+37.557,1627616,4,1:09.674,bottas,77,BOT,Valtteri,Bottas,1989-08-28,Finnish,http://en.wikipedia.org/wiki/Valtteri_Bottas,alfa,Alfa Romeo,Swiss,http://en.wikipedia.org/wiki/Alfa_Romeo_in_Formula_One,+1 Lap,red_bull_ring,Red Bull Ring,Spielberg,Austria,47.2197,14.7647,678,http://en.wikipedia.org/wiki/Red_Bull_Ring,46.0,9,9,0,51.0,6,6,0,2.0,3.0,3.0,3.0,3.0,4.0,3.0,3.0,0,0,1,1,1,71,306.452,4.318,10,63.4,324.7,-3.25,-1.75,23.0,20.0
24,13,14,14,14,0.0,70,\N,\N,50,9,1:09.380,224.053,2022,11,Austrian Grand Prix,2022-07-10,13:00:00,http://en.wikipedia.org/wiki/2022_Austrian_Grand_Prix,2022-07-08,11:30:00,2022-07-09,10:30:00,\N,\N,2022-07-08,15:00:00,2022-07-09,14:30:00,24,18,1:06.901,\N,\N,24,18,14,14,14,0,23,+50.753,1640812,11,1:10.165,zhou,24,ZHO,Guanyu,Zhou,1999-05-30,Chinese,http://en.wikipedia.org/wiki/Zhou_Guanyu,alfa,Alfa Romeo,Swiss,http://en.wikipedia.org/wiki/Alfa_Romeo_in_Formula_One,+1 Lap,red_bull_ring,Red Bull Ring,Spielberg,Austria,47.2197,14.7647,678,http://en.wikipedia.org/wiki/Red_Bull_Ring,5.0,17,17,0,51.0,6,6,0,2.0,3.0,3.0,3.0,3.0,4.0,3.0,3.0,0,0,1,1,1,71,306.452,4.318,10,63.4,324.7,-3.25,-1.75,23.0,20.0
77,14,15,15,15,0.0,70,\N,\N,46,16,1:09.852,222.539,2023,9,Austrian Grand Prix,2023-07-02,13:00:00,https://en.wikipedia.org/wiki/2023_Austrian_Grand_Prix,2023-06-30,11:30:00,2023-07-01,10:30:00,\N,\N,2023-06-30,15:00:00,2023-07-01,14:30:00,77,14,1:05.763,1:05.680,\N,77,0,20,20,20,0,24,+1:16.435,1903165,22,1:16.758,bottas,77,BOT,Valtteri,Bottas,1989-08-28,Finnish,http://en.wikipedia.org/wiki/Valtteri_Bottas,alfa,Alfa Romeo,Swiss,http://en.wikipedia.org/wiki/Alfa_Romeo_in_Formula_One,+1 Lap,red_bull_ring,Red Bull Ring,Spielberg,Austria,47.2197,14.7647,678,http://en.wikipedia.org/wiki/Red_Bull_Ring,5.0,15,15,0,9.0,8,8,0,2.0,3.0,3.0,3.0,3.0,4.0,3.0,3.0,0,0,1,1,1,71,306.452,4.318,10,63.4,324.7,-3.25,-1.75,23.0,20.0
24,17,12,12,12,0.0,70,\N,\N,50,15,1:09.797,222.714,2023,9,Austrian Grand Prix,2023-07-02,13:00:00,https://en.wikipedia.org/wiki/2023_Austrian_Grand_Prix,2023-06-30,11:30:00,2023-07-01,10:30:00,\N,\N,2023-06-30,15:00:00,2023-07-01,14:30:00,24,17,1:05.818,\N,\N,24,16,19,19,19,0,24,+1:10.825,1897555,22,1:11.305,zhou,24,ZHO,Guanyu,Zhou,1999-05-30,Chinese,http://en.wikipedia.org/wiki/Zhou_Guanyu,alfa,Alfa Romeo,Swiss,http://en.wikipedia.org/wiki/Alfa_Romeo_in_Formula_One,+1 Lap,red_bull_ring,Red Bull Ring,Spielberg,Austria,47.2197,14.7647,678,http://en.wikipedia.org/wiki/Red_Bull_Ring,4.0,16,16,0,9.0,8,8,0,2.0,3.0,3.0,3.0,3.0,4.0,3.0,3.0,0,0,1,1,1,71,306.452,4.318,10,63.4,324.7,-3.25,-1.75,23.0,20.0
4,10,7,7,7,6.0,70,\N,\N,62,8,1:09.304,224.298,2022,11,Austrian Grand Prix,2022-07-10,13:00:00,http://en.wikipedia.org/wiki/2022_Austrian_Grand_Prix,2022-07-08,11:30:00,2022-07-09,10:30:00,\N,\N,2022-07-08,15:00:00,2022-07-09,14:30:00,4,15,1:06.330,1:25.847,\N,4,15,11,11,11,0,23,+38.580,1628639,8,1:09.909,norris,4,NOR,Lando,Norris,1999-11-13,British,http://en.wikipedia.org/wiki/Lando_Norris,mclaren,McLaren,British,http://en.wikipedia.org/wiki/McLaren,+1 Lap,red_bull_ring,Red Bull Ring,Spielberg,Austria,47.2197,14.7647,678,http://en.wikipedia.org/wiki/Red_Bull_Ring,64.0,7,7,0,81.0,4,4,0,2.0,3.0,3.0,3.0,3.0,4.0,3.0,3.0,0,0,1,1,1,71,306.452,4.318,10,63.4,324.7,-3.25,-1.75,23.0,20.0
3,11,9,9,9,2.0,70,\N,\N,61,13,1:09.924,222.309,2022,11,Austrian Grand Prix,2022-07-10,13:00:00,http://en.wikipedia.org/wiki/2022_Austrian_Grand_Prix,2022-07-08,11:30:00,2022-07-09,10:30:00,\N,\N,2022-07-08,15:00:00,2022-07-09,14:30:00,3,16,1:06.613,\N,\N,3,16,12,12,12,0,23,+39.738,1629797,8,1:09.996,ricciardo,3,RIC,Daniel,Ricciardo,1989-07-01,Australian,http://en.wikipedia.org/wiki/Daniel_Ricciardo,mclaren,McLaren,British,http://en.wikipedia.org/wiki/McLaren,+1 Lap,red_bull_ring,Red Bull Ring,Spielberg,Austria,47.2197,14.7647,678,http://en.wikipedia.org/wiki/Red_Bull_Ring,17.0,12,12,0,81.0,4,4,0,2.0,3.0,3.0,3.0,3.0,4.0,3.0,3.0,0,0,1,1,1,71,306.452,4.318,10,63.4,324.7,-3.25,-1.75,23.0,20.0
22,16,16,16,16,0.0,70,\N,\N,62,16,1:10.023,221.995,2022,11,Austrian Grand Prix,2022-07-10,13:00:00,http://en.wikipedia.org/wiki/2022_Austrian_Grand_Prix,2022-07-08,11:30:00,2022-07-09,10:30:00,\N,\N,2022-07-08,15:00:00,2022-07-09,14:30:00,22,14,1:06.463,1:06.851,\N,22,14,17,17,17,0,23,+54.556,1644615,4,1:10.267,tsunoda,22,TSU,Yuki,Tsunoda,2000-05-11,Japanese,http://en.wikipedia.org/wiki/Yuki_Tsunoda,alphatauri,AlphaTauri,Italian,http://en.wikipedia.org/wiki/Scuderia_AlphaTauri,+1 Lap,red_bull_ring,Red Bull Ring,Spielberg,Austria,47.2197,14.7647,678,http://en.wikipedia.org/wiki/Red_Bull_Ring,11.0,16,16,0,27.0,8,8,0,2.0,3.0,3.0,3.0,3.0,4.0,3.0,3.0,0,0,1,1,1,71,306.452,4.318,10,63.4,324.7,-3.25,-1.75,23.0,20.0
10,14,15,15,15,0.0,70,\N,\N,61,18,1:10.104,221.739,2022,11,Austrian Grand Prix,2022-07-10,13:00:00,http://en.wikipedia.org/wiki/2022_Austrian_Grand_Prix,2022-07-08,11:30:00,2022-07-09,10:30:00,\N,\N,2022-07-08,15:00:00,2022-07-09,14:30:00,10,10,1:06.589,1:06.160,\N,10,10,15,15,15,0,23,+52.125,1642184,4,1:10.409,gasly,10,GAS,Pierre,Gasly,1996-02-07,French,http://en.wikipedia.org/wiki/Pierre_Gasly,alphatauri,AlphaTauri,Italian,http://en.wikipedia.org/wiki/Scuderia_AlphaTauri,+1 Lap,red_bull_ring,Red Bull Ring,Spielberg,Austria,47.2197,14.7647,678,http://en.wikipedia.org/wiki/Red_Bull_Ring,16.0,13,13,0,27.0,8,8,0,2.0,3.0,3.0,3.0,3.0,4.0,3.0,3.0,0,0,1,1,1,71,306.452,4.318,10,63.4,324.7,-3.25,-1.75,23.0,20.0
22,16,19,19,19,0.0,70,\N,\N,37,19,1:10.176,221.511,2023,9,Austrian Grand Prix,2023-07-02,13:00:00,https://en.wikipedia.org/wiki/2023_Austrian_Grand_Prix,2023-06-30,11:30:00,2023-07-01,10:30:00,\N,\N,2023-06-30,15:00:00,2023-07-01,14:30:00,22,16,1:05.784,\N,\N,22,13,16,16,16,0,24,+1:04.822,1891552,23,1:11.363,tsunoda,22,TSU,Yuki,Tsunoda,2000-05-11,Japanese,http://en.wikipedia.org/wiki/Yuki_Tsunoda,alphatauri,AlphaTauri,Italian,http://en.wikipedia.org/wiki/Scuderia_AlphaTauri,+1 Lap,red_bull_ring,Red Bull Ring,Spielberg,Austria,47.2197,14.7647,678,http://en.wikipedia.org/wiki/Red_Bull_Ring,2.0,17,17,0,2.0,10,10,0,2.0,3.0,3.0,3.0,3.0,4.0,3.0,3.0,0,0,1,1,1,71,306.452,4.318,10,63.4,324.7,-3.25,-1.75,23.0,20.0
21,0,17,17,17,0.0,70,\N,\N,46,17,1:09.862,222.507,2023,9,Austrian Grand Prix,2023-07-02,13:00:00,https://en.wikipedia.org/wiki/2023_Austrian_Grand_Prix,2023-06-30,11:30:00,2023-07-01,10:30:00,\N,\N,2023-06-30,15:00:00,2023-07-01,14:30:00,21,20,1:05.974,\N,\N,21,14,17,17,17,0,24,+1:05.617,1892347,22,1:11.701,de_vries,21,DEV,Nyck,de Vries,1995-02-06,Dutch,http://en.wikipedia.org/wiki/Nyck_de_Vries,alphatauri,AlphaTauri,Italian,http://en.wikipedia.org/wiki/Scuderia_AlphaTauri,+1 Lap,red_bull_ring,Red Bull Ring,Spielberg,Austria,47.2197,14.7647,678,http://en.wikipedia.org/wiki/Red_Bull_Ring,0.0,20,20,0,2.0,10,10,0,2.0,3.0,3.0,3.0,3.0,4.0,3.0,3.0,0,0,1,1,1,71,306.452,4.318,10,63.4,324.7,-3.25,-1.75,23.0,20.0
18,12,13,13,13,0.0,70,\N,\N,64,17,1:10.048,221.916,2022,11,Austrian Grand Prix,2022-07-10,13:00:00,http://en.wikipedia.org/wiki/2022_Austrian_Grand_Prix,2022-07-08,11:30:00,2022-07-09,10:30:00,\N,\N,2022-07-08,15:00:00,2022-07-09,14:30:00,18,17,1:06.847,\N,\N,18,17,13,13,13,0,23,+48.241,1638300,4,1:10.295,stroll,18,STR,Lance,Stroll,1998-10-29,Canadian,http://en.wikipedia.org/wiki/Lance_Stroll,aston_martin,Aston Martin,British,http://en.wikipedia.org/wiki/Aston_Martin_in_Formula_One,+1 Lap,red_bull_ring,Red Bull Ring,Spielberg,Austria,47.2197,14.7647,678,http://en.wikipedia.org/wiki/Red_Bull_Ring,3.0,19,19,0,18.0,9,9,0,2.0,3.0,3.0,3.0,3.0,4.0,3.0,3.0,0,0,1,1,1,71,306.452,4.318,10,63.4,324.7,-3.25,-1.75,23.0,20.0
5,18,17,17,17,0.0,70,\N,\N,62,15,1:10.001,222.065,2022,11,Austrian Grand Prix,2022-07-10,13:00:00,http://en.wikipedia.org/wiki/2022_Austrian_Grand_Prix,2022-07-08,11:30:00,2022-07-09,10:30:00,\N,\N,2022-07-08,15:00:00,2022-07-09,14:30:00,5,20,1:07.083,\N,\N,5,20,19,19,19,0,21,\N,\N,4,1:10.317,vettel,5,VET,Sebastian,Vettel,1987-07-03,German,http://en.wikipedia.org/wiki/Sebastian_Vettel,aston_martin,Aston Martin,British,http://en.wikipedia.org/wiki/Aston_Martin_in_Formula_One,+1 Lap,red_bull_ring,Red Bull Ring,Spielberg,Austria,47.2197,14.7647,678,http://en.wikipedia.org/wiki/Red_Bull_Ring,15.0,14,14,0,18.0,9,9,0,2.0,3.0,3.0,3.0,3.0,4.0,3.0,3.0,0,0,1,1,1,71,306.452,4.318,10,63.4,324.7,-3.25,-1.75,23.0,20.0
23,15,12,12,12,0.0,70,\N,\N,60,12,1:09.669,223.123,2022,11,Austrian Grand Prix,2022-07-10,13:00:00,http://en.wikipedia.org/wiki/2022_Austrian_Grand_Prix,2022-07-08,11:30:00,2022-07-09,10:30:00,\N,\N,2022-07-08,15:00:00,2022-07-09,14:30:00,23,11,1:06.516,1:06.230,\N,23,11,16,16,16,0,23,+52.412,1642471,5,1:10.367,albon,23,ALB,Alexander,Albon,1996-03-23,Thai,http://en.wikipedia.org/wiki/Alexander_Albon,williams,Williams,British,http://en.wikipedia.org/wiki/Williams_Grand_Prix_Engineering,+1 Lap,red_bull_ring,Red Bull Ring,Spielberg,Austria,47.2197,14.7647,678,http://en.wikipedia.org/wiki/Red_Bull_Ring,3.0,18,18,0,3.0,10,10,0,2.0,3.0,3.0,3.0,3.0,4.0,3.0,3.0,0,0,1,1,1,71,306.452,4.318,10,63.4,324.7,-3.25,-1.75,23.0,20.0
6,17,\N,R,19,0.0,48,\N,\N,14,19,1:10.890,219.280,2022,11,Austrian Grand Prix,2022-07-10,13:00:00,http://en.wikipedia.org/wiki/2022_Austrian_Grand_Prix,2022-07-08,11:30:00,2022-07-09,10:30:00,\N,\N,2022-07-08,15:00:00,2022-07-09,14:30:00,6,19,1:07.003,\N,\N,6,19,18,18,18,0,23,+1:08.694,1658753,4,1:10.284,latifi,6,LAT,Nicholas,Latifi,1995-06-29,Canadian,http://en.wikipedia.org/wiki/Nicholas_Latifi,williams,Williams,British,http://en.wikipedia.org/wiki/Williams_Grand_Prix_Engineering,Undertray,red_bull_ring,Red Bull Ring,Spielberg,Austria,47.2197,14.7647,678,http://en.wikipedia.org/wiki/Red_Bull_Ring,0.0,20,20,0,3.0,10,10,0,2.0,3.0,3.0,3.0,3.0,4.0,3.0,3.0,0,0,1,1,1,71,306.452,4.318,10,63.4,324.7,-3.25,-1.75,23.0,20.0
47,9,6,6,6,8.0,70,\N,\N,50,11,1:09.625,223.264,2022,11,Austrian Grand Prix,2022-07-10,13:00:00,http://en.wikipedia.org/wiki/2022_Austrian_Grand_Prix,2022-07-08,11:30:00,2022-07-09,10:30:00,\N,\N,2022-07-08,15:00:00,2022-07-09,14:30:00,47,7,1:06.405,1:06.151,1:06.011,47,7,9,9,9,0,23,+37.163,1627222,4,1:09.457,mick_schumacher,47,MSC,Mick,Schumacher,1999-03-22,German,http://en.wikipedia.org/wiki/Mick_Schumacher,haas,Haas F1 Team,American,http://en.wikipedia.org/wiki/Haas_F1_Team,+1 Lap,red_bull_ring,Red Bull Ring,Spielberg,Austria,47.2197,14.7647,678,http://en.wikipedia.org/wiki/Red_Bull_Ring,12.0,15,15,0,34.0,7,7,0,2.0,3.0,3.0,3.0,3.0,4.0,3.0,3.0,0,0,1,1,1,71,306.452,4.318,10,63.4,324.7,-3.25,-1.75,23.0,20.0
20,7,8,8,8,4.0,70,\N,\N,61,14,1:09.938,222.265,2022,11,Austrian Grand Prix,2022-07-10,13:00:00,http://en.wikipedia.org/wiki/2022_Austrian_Grand_Prix,2022-07-08,11:30:00,2022-07-09,10:30:00,\N,\N,2022-07-08,15:00:00,2022-07-09,14:30:00,20,6,1:06.366,1:05.894,1:05.879,20,6,7,7,7,2,23,+34.539,1624598,4,1:09.232,kevin_magnussen,20,MAG,Kevin,Magnussen,1992-10-05,Danish,http://en.wikipedia.org/wiki/Kevin_Magnussen,haas,Haas F1 Team,American,http://en.wikipedia.org/wiki/Haas_F1_Team,+1 Lap,red_bull_ring,Red Bull Ring,Spielberg,Austria,47.2197,14.7647,678,http://en.wikipedia.org/wiki/Red_Bull_Ring,22.0,11,11,0,34.0,7,7,0,2.0,3.0,3.0,3.0,3.0,4.0,3.0,3.0,0,0,1,1,1,71,306.452,4.318,10,63.4,324.7,-3.25,-1.75,23.0,20.0
20,0,18,18,18,0.0,70,\N,\N,45,13,1:09.620,223.280,2023,9,Austrian Grand Prix,2023-07-02,13:00:00,https://en.wikipedia.org/wiki/2023_Austrian_Grand_Prix,2023-06-30,11:30:00,2023-07-01,10:30:00,\N,\N,2023-06-30,15:00:00,2023-07-01,14:30:00,20,19,1:05.971,\N,\N,20,10,14,14,14,0,24,+56.593,1883323,23,1:10.539,kevin_magnussen,20,MAG,Kevin,Magnussen,1992-10-05,Danish,http://en.wikipedia.org/wiki/Kevin_Magnussen,haas,Haas F1 Team,American,http://en.wikipedia.org/wiki/Haas_F1_Team,+1 Lap,red_bull_ring,Red Bull Ring,Spielberg,Austria,47.2197,14.7647,678,http://en.wikipedia.org/wiki/Red_Bull_Ring,2.0,18,18,0,11.0,7,7,0,2.0,3.0,3.0,3.0,3.0,4.0,3.0,3.0,0,0,1,1,1,71,306.452,4.318,10,63.4,324.7,-3.25,-1.75,23.0,20.0
27,8,\N,R,20,0.0,12,\N,\N,7,20,1:11.066,218.737,2023,9,Austrian Grand Prix,2023-07-02,13:00:00,https://en.wikipedia.org/wiki/2023_Austrian_Grand_Prix,2023-06-30,11:30:00,2023-07-01,10:30:00,\N,\N,2023-06-30,15:00:00,2023-07-01,14:30:00,27,8,1:05.740,1:05.362,1:05.090,27,4,6,6,6,3,24,+31.297,1858027,24,1:10.180,hulkenberg,27,HUL,Nico,Hülkenberg,1987-08-19,German,http://en.wikipedia.org/wiki/Nico_H%C3%BClkenberg,haas,Haas F1 Team,American,http://en.wikipedia.org/wiki/Haas_F1_Team,Power loss,red_bull_ring,Red Bull Ring,Spielberg,Austria,47.2197,14.7647,678,http://en.wikipedia.org/wiki/Red_Bull_Ring,9.0,12,12,0,11.0,7,7,0,2.0,3.0,3.0,3.0,3.0,4.0,3.0,3.0,0,0,1,1,1,71,306.452,4.318,10,63.4,324.7,-3.25,-1.75,23.0,20.0
44,5,6,6,6,8.0,51,+46.145,5608581,48,7,1:45.346,205.141,2023,4,Azerbaijan Grand Prix,2023-04-30,11:00:00,https://en.wikipedia.org/wiki/2023_Azerbaijan_Grand_Prix,2023-04-28,09:30:00,2023-04-29,09:30:00,\N,\N,2023-04-28,13:00:00,2023-04-29,13:30:00,44,5,1:42.113,1:41.650,1:41.177,44,6,7,7,7,2,17,+4.890,2002557,8,1:44.601,hamilton,44,HAM,Lewis,Hamilton,1985-01-07,British,http://en.wikipedia.org/wiki/Lewis_Hamilton,mercedes,Mercedes,German,http://en.wikipedia.org/wiki/Mercedes-Benz_in_Formula_One,Finished,baku,Baku City Circuit,Baku,Azerbaijan,40.3725,49.8533,-7,http://en.wikipedia.org/wiki/Baku_City_Circuit,48.0,4,4,0,76.0,3,3,0,,,,,,,,,0,0,1,1,1,51,306.153,6.003,20,26.96,351.8,,,,
63,11,8,8,8,5.0,51,+1:14.240,5636676,51,1,1:43.370,209.062,2023,4,Azerbaijan Grand Prix,2023-04-30,11:00:00,https://en.wikipedia.org/wiki/2023_Azerbaijan_Grand_Prix,2023-04-28,09:30:00,2023-04-29,09:30:00,\N,\N,2023-04-28,13:00:00,2023-04-29,13:30:00,63,11,1:42.073,1:41.654,,63,4,4,4,4,5,17,+3.467,2001134,10,1:44.409,russell,63,RUS,George,Russell,1998-02-15,British,http://en.wikipedia.org/wiki/George_Russell_(racing_driver),mercedes,Mercedes,German,http://en.wikipedia.org/wiki/Mercedes-Benz_in_Formula_One,Finished,baku,Baku City Circuit,Baku,Azerbaijan,40.3725,49.8533,-7,http://en.wikipedia.org/wiki/Baku_City_Circuit,28.0,7,7,0,76.0,3,3,0,,,,,,,,,0,0,1,1,1,51,306.153,6.003,20,26.96,351.8,,,,
16,1,3,3,3,15.0,51,+21.217,5583653,49,4,1:44.561,206.681,2023,4,Azerbaijan Grand Prix,2023-04-30,11:00:00,https://en.wikipedia.org/wiki/2023_Azerbaijan_Grand_Prix,2023-04-28,09:30:00,2023-04-29,09:30:00,\N,\N,2023-04-28,13:00:00,2023-04-29,13:30:00,16,1,1:41.269,1:41.037,1:40.203,16,1,2,2,2,7,17,+4.463,2002130,12,1:43.646,leclerc,16,LEC,Charles,Leclerc,1997-10-16,Monegasque,http://en.wikipedia.org/wiki/Charles_Leclerc,ferrari,Ferrari,Italian,http://en.wikipedia.org/wiki/Scuderia_Ferrari,Finished,baku,Baku City Circuit,Baku,Azerbaijan,40.3725,49.8533,-7,http://en.wikipedia.org/wiki/Baku_City_Circuit,28.0,6,6,0,62.0,4,4,0,,,,,,,,,0,0,1,1,1,51,306.153,6.003,20,26.96,351.8,,,,
55,4,5,5,5,10.0,51,+45.491,5607927,48,6,1:45.175,205.474,2023,4,Azerbaijan Grand Prix,2023-04-30,11:00:00,https://en.wikipedia.org/wiki/2023_Azerbaijan_Grand_Prix,2023-04-28,09:30:00,2023-04-29,09:30:00,\N,\N,2023-04-28,13:00:00,2023-04-29,13:30:00,55,4,1:42.197,1:41.369,1:41.016,55,5,5,5,5,4,17,+10.388,2008055,11,1:44.398,sainz,55,SAI,Carlos,Sainz,1994-09-01,Spanish,http://en.wikipedia.org/wiki/Carlos_Sainz_Jr.,ferrari,Ferrari,Italian,http://en.wikipedia.org/wiki/Scuderia_Ferrari,Finished,baku,Baku City Circuit,Baku,Azerbaijan,40.3725,49.8533,-7,http://en.wikipedia.org/wiki/Baku_City_Circuit,34.0,5,5,0,62.0,4,4,0,,,,,,,,,0,0,1,1,1,51,306.153,6.003,20,26.96,351.8,,,,
4,7,9,9,9,2.0,51,+1:20.376,5642812,49,12,1:45.738,204.380,2023,4,Azerbaijan Grand Prix,2023-04-30,11:00:00,https://en.wikipedia.org/wiki/2023_Azerbaijan_Grand_Prix,2023-04-28,09:30:00,2023-04-29,09:30:00,\N,\N,2023-04-28,13:00:00,2023-04-29,13:30:00,4,7,1:42.154,1:41.485,1:41.281,4,10,17,17,17,0,17,+51.104,2048771,15,1:44.484,norris,4,NOR,Lando,Norris,1999-11-13,British,http://en.wikipedia.org/wiki/Lando_Norris,mclaren,McLaren,British,http://en.wikipedia.org/wiki/McLaren,Finished,baku,Baku City Circuit,Baku,Azerbaijan,40.3725,49.8533,-7,http://en.wikipedia.org/wiki/Baku_City_Circuit,10.0,9,9,0,14.0,5,5,0,,,,,,,,,0,0,1,1,1,51,306.153,6.003,20,26.96,351.8,,,,
81,10,11,11,11,0.0,51,+1:26.501,5648937,51,10,1:45.631,204.587,2023,4,Azerbaijan Grand Prix,2023-04-30,11:00:00,https://en.wikipedia.org/wiki/2023_Azerbaijan_Grand_Prix,2023-04-28,09:30:00,2023-04-29,09:30:00,\N,\N,2023-04-28,13:00:00,2023-04-29,13:30:00,81,10,1:42.455,1:41.636,1:41.611,81,11,10,10,10,0,17,+22.851,2020518,8,1:44.776,piastri,81,PIA,Oscar,Piastri,2001-04-06,Australian,http://en.wikipedia.org/wiki/Oscar_Piastri,mclaren,McLaren,British,http://en.wikipedia.org/wiki/McLaren,Finished,baku,Baku City Circuit,Baku,Azerbaijan,40.3725,49.8533,-7,http://en.wikipedia.org/wiki/Baku_City_Circuit,4.0,11,11,0,14.0,5,5,0,,,,,,,,,0,0,1,1,1,51,306.153,6.003,20,26.96,351.8,,,,
22,8,10,10,10,1.0,51,+1:23.862,5646298,51,11,1:45.727,204.401,2023,4,Azerbaijan Grand Prix,2023-04-30,11:00:00,https://en.wikipedia.org/wiki/2023_Azerbaijan_Grand_Prix,2023-04-28,09:30:00,2023-04-29,09:30:00,\N,\N,2023-04-28,13:00:00,2023-04-29,13:30:00,22,8,1:42.234,1:41.569,1:41.581,22,16,\N,R,19,0,2,\N,\N,\N,\N,tsunoda,22,TSU,Yuki,Tsunoda,2000-05-11,Japanese,http://en.wikipedia.org/wiki/Yuki_Tsunoda,alphatauri,AlphaTauri,Italian,http://en.wikipedia.org/wiki/Scuderia_AlphaTauri,Finished,baku,Baku City Circuit,Baku,Azerbaijan,40.3725,49.8533,-7,http://en.wikipedia.org/wiki/Baku_City_Circuit,2.0,16,16,0,2.0,9,9,0,,,,,,,,,0,0,1,1,1,51,306.153,6.003,20,26.96,351.8,,,,
21,18,\N,R,20,0.0,9,\N,\N,4,20,1:48.781,198.663,2023,4,Azerbaijan Grand Prix,2023-04-30,11:00:00,https://en.wikipedia.org/wiki/2023_Azerbaijan_Grand_Prix,2023-04-28,09:30:00,2023-04-29,09:30:00,\N,\N,2023-04-28,13:00:00,2023-04-29,13:30:00,21,20,\N,\N,\N,21,18,14,14,14,0,17,+41.626,2039293,17,1:45.768,de_vries,21,DEV,Nyck,de Vries,1995-02-06,Dutch,http://en.wikipedia.org/wiki/Nyck_de_Vries,alphatauri,AlphaTauri,Italian,http://en.wikipedia.org/wiki/Scuderia_AlphaTauri,Accident,baku,Baku City Circuit,Baku,Azerbaijan,40.3725,49.8533,-7,http://en.wikipedia.org/wiki/Baku_City_Circuit,0.0,20,20,0,2.0,9,9,0,,,,,,,,,0,0,1,1,1,51,306.153,6.003,20,26.96,351.8,,,,
31,0,15,15,15,0.0,51,+1:37.794,5660230,49,14,1:45.908,204.052,2023,4,Azerbaijan Grand Prix,2023-04-30,11:00:00,https://en.wikipedia.org/wiki/2023_Azerbaijan_Grand_Prix,2023-04-28,09:30:00,2023-04-29,09:30:00,\N,\N,2023-04-28,13:00:00,2023-04-29,13:30:00,31,12,1:42.622,1:41.798,,31,0,18,18,18,0,17,+1:00.621,2058288,15,1:45.090,ocon,31,OCO,Esteban,Ocon,1996-09-17,French,http://en.wikipedia.org/wiki/Esteban_Ocon,alpine,Alpine F1 Team,French,http://en.wikipedia.org/wiki/Alpine_F1_Team,Finished,baku,Baku City Circuit,Baku,Azerbaijan,40.3725,49.8533,-7,http://en.wikipedia.org/wiki/Baku_City_Circuit,4.0,13,13,0,8.0,6,6,0,,,,,,,,,0,0,1,1,1,51,306.153,6.003,20,26.96,351.8,,,,
10,17,14,14,14,0.0,51,+1:31.332,5653768,47,8,1:45.540,204.764,2023,4,Azerbaijan Grand Prix,2023-04-30,11:00:00,https://en.wikipedia.org/wiki/2023_Azerbaijan_Grand_Prix,2023-04-28,09:30:00,2023-04-29,09:30:00,\N,\N,2023-04-28,13:00:00,2023-04-29,13:30:00,10,19,1:44.853,,,10,17,13,13,13,0,17,+36.918,2034585,12,1:45.883,gasly,10,GAS,Pierre,Gasly,1996-02-07,French,http://en.wikipedia.org/wiki/Pierre_Gasly,alpine,Alpine F1 Team,French,http://en.wikipedia.org/wiki/Alpine_F1_Team,Finished,baku,Baku City Circuit,Baku,Azerbaijan,40.3725,49.8533,-7,http://en.wikipedia.org/wiki/Baku_City_Circuit,4.0,14,14,0,8.0,6,6,0,,,,,,,,,0,0,1,1,1,51,306.153,6.003,20,26.96,351.8,,,,
14,6,4,4,4,12.0,51,+22.024,5584460,49,3,1:44.241,207.315,2023,4,Azerbaijan Grand Prix,2023-04-30,11:00:00,https://en.wikipedia.org/wiki/2023_Azerbaijan_Grand_Prix,2023-04-28,09:30:00,2023-04-29,09:30:00,\N,\N,2023-04-28,13:00:00,2023-04-29,13:30:00,14,6,1:41.720,1:41.370,1:41.253,14,8,6,6,6,3,17,+11.613,2009280,12,1:44.544,alonso,14,ALO,Fernando,Alonso,1981-07-29,Spanish,http://en.wikipedia.org/wiki/Fernando_Alonso,aston_martin,Aston Martin,British,http://en.wikipedia.org/wiki/Aston_Martin_in_Formula_One,Finished,baku,Baku City Circuit,Baku,Azerbaijan,40.3725,49.8533,-7,http://en.wikipedia.org/wiki/Baku_City_Circuit,60.0,3,3,0,87.0,2,2,0,,,,,,,,,0,0,1,1,1,51,306.153,6.003,20,26.96,351.8,,,,
18,9,7,7,7,6.0,51,+51.617,5614053,45,9,1:45.627,204.595,2023,4,Azerbaijan Grand Prix,2023-04-30,11:00:00,https://en.wikipedia.org/wiki/2023_Azerbaijan_Grand_Prix,2023-04-28,09:30:00,2023-04-29,09:30:00,\N,\N,2023-04-28,13:00:00,2023-04-29,13:30:00,18,9,1:42.524,1:41.576,1:41.611,18,9,8,8,8,1,17,+18.417,2016084,14,1:44.855,stroll,18,STR,Lance,Stroll,1998-10-29,Canadian,http://en.wikipedia.org/wiki/Lance_Stroll,aston_martin,Aston Martin,British,http://en.wikipedia.org/wiki/Aston_Martin_in_Formula_One,Finished,baku,Baku City Circuit,Baku,Azerbaijan,40.3725,49.8533,-7,http://en.wikipedia.org/wiki/Baku_City_Circuit,27.0,8,8,0,87.0,2,2,0,,,,,,,,,0,0,1,1,1,51,306.153,6.003,20,26.96,351.8,,,,
23,12,12,12,12,0.0,51,+1:28.623,5651059,51,15,1:45.925,204.019,2023,4,Azerbaijan Grand Prix,2023-04-30,11:00:00,https://en.wikipedia.org/wiki/2023_Azerbaijan_Grand_Prix,2023-04-28,09:30:00,2023-04-29,09:30:00,\N,\N,2023-04-28,13:00:00,2023-04-29,13:30:00,23,13,1:42.171,1:41.818,,23,7,9,9,9,0,17,+21.757,2019424,10,1:44.915,albon,23,ALB,Alexander,Albon,1996-03-23,Thai,http://en.wikipedia.org/wiki/Alexander_Albon,williams,Williams,British,http://en.wikipedia.org/wiki/Williams_Grand_Prix_Engineering,Finished,baku,Baku City Circuit,Baku,Azerbaijan,40.3725,49.8533,-7,http://en.wikipedia.org/wiki/Baku_City_Circuit,1.0,17,17,0,1.0,10,10,0,,,,,,,,,0,0,1,1,1,51,306.153,6.003,20,26.96,351.8,,,,
2,14,16,16,16,0.0,51,+1:40.943,5663379,49,17,1:46.501,202.916,2023,4,Azerbaijan Grand Prix,2023-04-30,11:00:00,https://en.wikipedia.org/wiki/2023_Azerbaijan_Grand_Prix,2023-04-28,09:30:00,2023-04-29,09:30:00,\N,\N,2023-04-28,13:00:00,2023-04-29,13:30:00,2,15,1:42.242,1:42.395,,2,0,\N,W,20,0,0,\N,\N,\N,\N,sargeant,2,SAR,Logan,Sargeant,2000-12-31,American,http://en.wikipedia.org/wiki/Logan_Sargeant,williams,Williams,British,http://en.wikipedia.org/wiki/Williams_Grand_Prix_Engineering,Finished,baku,Baku City Circuit,Baku,Azerbaijan,40.3725,49.8533,-7,http://en.wikipedia.org/wiki/Baku_City_Circuit,0.0,19,19,0,1.0,10,10,0,,,,,,,,,0,0,1,1,1,51,306.153,6.003,20,26.96,351.8,,,,
11,3,1,1,1,25.0,51,1:32:42.436,5562436,50,5,1:44.589,206.625,2023,4,Azerbaijan Grand Prix,2023-04-30,11:00:00,https://en.wikipedia.org/wiki/2023_Azerbaijan_Grand_Prix,2023-04-28,09:30:00,2023-04-29,09:30:00,\N,\N,2023-04-28,13:00:00,2023-04-29,13:30:00,11,3,1:41.756,1:41.131,1:40.495,11,2,1,1,1,8,17,33:17.667,1997667,11,1:43.616,perez,11,PER,Sergio,Pérez,1990-01-26,Mexican,http://en.wikipedia.org/wiki/Sergio_P%C3%A9rez,red_bull,Red Bull,Austrian,http://en.wikipedia.org/wiki/Red_Bull_Racing,Finished,baku,Baku City Circuit,Baku,Azerbaijan,40.3725,49.8533,-7,http://en.wikipedia.org/wiki/Baku_City_Circuit,87.0,2,2,2,180.0,1,1,4,,,,,,,,,0,0,1,1,1,51,306.153,6.003,20,26.96,351.8,,,,
1,2,2,2,2,18.0,51,+2.137,5564573,51,2,1:44.232,207.333,2023,4,Azerbaijan Grand Prix,2023-04-30,11:00:00,https://en.wikipedia.org/wiki/2023_Azerbaijan_Grand_Prix,2023-04-28,09:30:00,2023-04-29,09:30:00,\N,\N,2023-04-28,13:00:00,2023-04-29,13:30:00,1,2,1:41.398,1:40.822,1:40.391,1,3,3,3,3,6,17,+5.065,2002732,10,1:43.723,max_verstappen,33,VER,Max,Verstappen,1997-09-30,Dutch,http://en.wikipedia.org/wiki/Max_Verstappen,red_bull,Red Bull,Austrian,http://en.wikipedia.org/wiki/Red_Bull_Racing,Finished,baku,Baku City Circuit,Baku,Azerbaijan,40.3725,49.8533,-7,http://en.wikipedia.org/wiki/Baku_City_Circuit,93.0,1,1,2,180.0,1,1,4,,,,,,,,,0,0,1,1,1,51,306.153,6.003,20,26.96,351.8,,,,
20,16,13,13,13,0.0,51,+1:29.729,5652165,51,13,1:45.850,204.164,2023,4,Azerbaijan Grand Prix,2023-04-30,11:00:00,https://en.wikipedia.org/wiki/2023_Azerbaijan_Grand_Prix,2023-04-28,09:30:00,2023-04-29,09:30:00,\N,\N,2023-04-28,13:00:00,2023-04-29,13:30:00,20,18,1:43.417,,,20,13,11,11,11,0,17,+27.990,2025657,14,1:45.349,kevin_magnussen,20,MAG,Kevin,Magnussen,1992-10-05,Danish,http://en.wikipedia.org/wiki/Kevin_Magnussen,haas,Haas F1 Team,American,http://en.wikipedia.org/wiki/Haas_F1_Team,Finished,baku,Baku City Circuit,Baku,Azerbaijan,40.3725,49.8533,-7,http://en.wikipedia.org/wiki/Baku_City_Circuit,1.0,18,18,0,7.0,7,7,0,,,,,,,,,0,0,1,1,1,51,306.153,6.003,20,26.96,351.8,,,,
27,0,17,17,17,0.0,50,\N,\N,34,18,1:46.731,202.479,2023,4,Azerbaijan Grand Prix,2023-04-30,11:00:00,https://en.wikipedia.org/wiki/2023_Azerbaijan_Grand_Prix,2023-04-28,09:30:00,2023-04-29,09:30:00,\N,\N,2023-04-28,13:00:00,2023-04-29,13:30:00,27,17,1:42.755,,,27,12,15,15,15,0,17,+48.587,2046254,8,1:45.971,hulkenberg,27,HUL,Nico,Hülkenberg,1987-08-19,German,http://en.wikipedia.org/wiki/Nico_H%C3%BClkenberg,haas,Haas F1 Team,American,http://en.wikipedia.org/wiki/Haas_F1_Team,+1 Lap,baku,Baku City Circuit,Baku,Azerbaijan,40.3725,49.8533,-7,http://en.wikipedia.org/wiki/Baku_City_Circuit,6.0,10,10,0,7.0,7,7,0,,,,,,,,,0,0,1,1,1,51,306.153,6.003,20,26.96,351.8,,,,
77,13,18,18,18,0.0,50,\N,\N,36,16,1:46.304,203.292,2023,4,Azerbaijan Grand Prix,2023-04-30,11:00:00,https://en.wikipedia.org/wiki/2023_Azerbaijan_Grand_Prix,2023-04-28,09:30:00,2023-04-29,09:30:00,\N,\N,2023-04-28,13:00:00,2023-04-29,13:30:00,77,14,1:42.582,1:42.259,,77,15,16,16,16,0,17,+49.917,2047584,9,1:46.277,bottas,77,BOT,Valtteri,Bottas,1989-08-28,Finnish,http://en.wikipedia.org/wiki/Valtteri_Bottas,alfa,Alfa Romeo,Swiss,http://en.wikipedia.org/wiki/Alfa_Romeo_in_Formula_One,+1 Lap,baku,Baku City Circuit,Baku,Azerbaijan,40.3725,49.8533,-7,http://en.wikipedia.org/wiki/Baku_City_Circuit,4.0,12,12,0,6.0,8,8,0,,,,,,,,,0,0,1,1,1,51,306.153,6.003,20,26.96,351.8,,,,
24,15,\N,R,19,0.0,36,\N,\N,31,19,1:47.553,200.931,2023,4,Azerbaijan Grand Prix,2023-04-30,11:00:00,https://en.wikipedia.org/wiki/2023_Azerbaijan_Grand_Prix,2023-04-28,09:30:00,2023-04-29,09:30:00,\N,\N,2023-04-28,13:00:00,2023-04-29,13:30:00,24,16,1:42.642,,,24,14,12,12,12,0,17,+34.602,2032269,16,1:45.766,zhou,24,ZHO,Guanyu,Zhou,1999-05-30,Chinese,http://en.wikipedia.org/wiki/Zhou_Guanyu,alfa,Alfa Romeo,Swiss,http://en.wikipedia.org/wiki/Alfa_Romeo_in_Formula_One,Overheating,baku,Baku City Circuit,Baku,Azerbaijan,40.3725,49.8533,-7,http://en.wikipedia.org/wiki/Baku_City_Circuit,2.0,15,15,0,6.0,8,8,0,,,,,,,,,0,0,1,1,1,51,306.153,6.003,20,26.96,351.8,,,,
44,3,4,4,4,13.0,44,+49.671,5000121,44,1,1:47.305,234.978,2023,12,Belgian Grand Prix,2023-07-30,13:00:00,https://en.wikipedia.org/wiki/2023_Belgian_Grand_Prix,2023-07-28,11:30:00,2023-07-29,10:30:00,\N,\N,2023-07-28,15:00:00,2023-07-29,14:30:00,44,4,1:58.563,1:52.345,1:47.087,44,7,7,7,7,2,11,+16.757,1515190,7,2:00.920,hamilton,44,HAM,Lewis,Hamilton,1985-01-07,British,http://en.wikipedia.org/wiki/Lewis_Hamilton,mercedes,Mercedes,German,http://en.wikipedia.org/wiki/Mercedes-Benz_in_Formula_One,Finished,spa,Circuit de Spa-Francorchamps,Spa,Belgium,50.4372,5.97139,401,http://en.wikipedia.org/wiki/Circuit_de_Spa-Francorchamps,148.0,4,4,0,247.0,2,2,0,4.0,3.0,4.0,3.0,5.0,4.0,5.0,2.0,0,1,1,1,0,44,308.052,7.004,19,1012.1,350.8,-2.75,-1.5,25.0,23.0
63,8,6,6,6,8.0,44,+1:03.101,5013551,25,11,1:50.603,227.972,2023,12,Belgian Grand Prix,2023-07-30,13:00:00,https://en.wikipedia.org/wiki/2023_Belgian_Grand_Prix,2023-07-28,11:30:00,2023-07-29,10:30:00,\N,\N,2023-07-28,15:00:00,2023-07-29,14:30:00,63,8,1:59.035,1:52.605,1:47.805,63,10,8,8,8,1,11,+16.822,1515255,10,2:01.935,russell,63,RUS,George,Russell,1998-02-15,British,http://en.wikipedia.org/wiki/George_Russell_(racing_driver),mercedes,Mercedes,German,http://en.wikipedia.org/wiki/Mercedes-Benz_in_Formula_One,Finished,spa,Circuit de Spa-Francorchamps,Spa,Belgium,50.4372,5.97139,401,http://en.wikipedia.org/wiki/Circuit_de_Spa-Francorchamps,99.0,6,6,0,247.0,2,2,0,4.0,3.0,4.0,3.0,5.0,4.0,5.0,2.0,0,1,1,1,0,44,308.052,7.004,19,1012.1,350.8,-2.75,-1.5,25.0,23.0
16,1,3,3,3,15.0,44,+32.259,4982709,30,7,1:50.436,228.316,2023,12,Belgian Grand Prix,2023-07-30,13:00:00,https://en.wikipedia.org/wiki/2023_Belgian_Grand_Prix,2023-07-28,11:30:00,2023-07-29,10:30:00,\N,\N,2023-07-28,15:00:00,2023-07-29,14:30:00,16,2,1:58.300,1:52.017,1:46.988,16,4,5,5,5,4,11,+15.016,1513449,7,2:02.635,leclerc,16,LEC,Charles,Leclerc,1997-10-16,Monegasque,http://en.wikipedia.org/wiki/Charles_Leclerc,ferrari,Ferrari,Italian,http://en.wikipedia.org/wiki/Scuderia_Ferrari,Finished,spa,Circuit de Spa-Francorchamps,Spa,Belgium,50.4372,5.97139,401,http://en.wikipedia.org/wiki/Circuit_de_Spa-Francorchamps,99.0,5,5,0,191.0,4,4,0,4.0,3.0,4.0,3.0,5.0,4.0,5.0,2.0,0,1,1,1,0,44,308.052,7.004,19,1012.1,350.8,-2.75,-1.5,25.0,23.0
55,4,\N,R,19,0.0,23,\N,\N,9,19,1:53.138,222.864,2023,12,Belgian Grand Prix,2023-07-30,13:00:00,https://en.wikipedia.org/wiki/2023_Belgian_Grand_Prix,2023-07-28,11:30:00,2023-07-29,10:30:00,\N,\N,2023-07-28,15:00:00,2023-07-29,14:30:00,55,5,1:58.688,1:51.711,1:47.152,55,3,4,4,4,5,11,+12.648,1511081,7,2:01.472,sainz,55,SAI,Carlos,Sainz,1994-09-01,Spanish,http://en.wikipedia.org/wiki/Carlos_Sainz_Jr.,ferrari,Ferrari,Italian,http://en.wikipedia.org/wiki/Scuderia_Ferrari,Collision damage,spa,Circuit de Spa-Francorchamps,Spa,Belgium,50.4372,5.97139,401,http://en.wikipedia.org/wiki/Circuit_de_Spa-Francorchamps,92.0,7,7,0,191.0,4,4,0,4.0,3.0,4.0,3.0,5.0,4.0,5.0,2.0,0,1,1,1,0,44,308.052,7.004,19,1012.1,350.8,-2.75,-1.5,25.0,23.0
77,13,12,12,12,0.0,44,+1:25.191,5035641,26,10,1:50.515,228.153,2023,12,Belgian Grand Prix,2023-07-30,13:00:00,https://en.wikipedia.org/wiki/2023_Belgian_Grand_Prix,2023-07-28,11:30:00,2023-07-29,10:30:00,\N,\N,2023-07-28,15:00:00,2023-07-29,14:30:00,77,14,1:59.484,1:54.694,\N,77,17,13,13,13,0,11,+27.006,1525439,6,2:03.595,bottas,77,BOT,Valtteri,Bottas,1989-08-28,Finnish,http://en.wikipedia.org/wiki/Valtteri_Bottas,alfa,Alfa Romeo,Swiss,http://en.wikipedia.org/wiki/Alfa_Romeo_in_Formula_One,Finished,spa,Circuit de Spa-Francorchamps,Spa,Belgium,50.4372,5.97139,401,http://en.wikipedia.org/wiki/Circuit_de_Spa-Francorchamps,5.0,15,15,0,9.0,9,9,0,4.0,3.0,4.0,3.0,5.0,4.0,5.0,2.0,0,1,1,1,0,44,308.052,7.004,19,1012.1,350.8,-2.75,-1.5,25.0,23.0
24,17,13,13,13,0.0,44,+1:35.441,5045891,27,5,1:50.188,228.830,2023,12,Belgian Grand Prix,2023-07-30,13:00:00,https://en.wikipedia.org/wiki/2023_Belgian_Grand_Prix,2023-07-28,11:30:00,2023-07-29,10:30:00,\N,\N,2023-07-28,15:00:00,2023-07-29,14:30:00,24,17,2:00.832,\N,\N,24,19,15,15,15,0,11,+36.342,1534775,6,2:04.760,zhou,24,ZHO,Guanyu,Zhou,1999-05-30,Chinese,http://en.wikipedia.org/wiki/Zhou_Guanyu,alfa,Alfa Romeo,Swiss,http://en.wikipedia.org/wiki/Alfa_Romeo_in_Formula_One,Finished,spa,Circuit de Spa-Francorchamps,Spa,Belgium,50.4372,5.97139,401,http://en.wikipedia.org/wiki/Circuit_de_Spa-Francorchamps,4.0,16,16,0,9.0,9,9,0,4.0,3.0,4.0,3.0,5.0,4.0,5.0,2.0,0,1,1,1,0,44,308.052,7.004,19,1012.1,350.8,-2.75,-1.5,25.0,23.0
4,7,7,7,7,6.0,44,+1:13.719,5024169,26,18,1:51.682,225.769,2023,12,Belgian Grand Prix,2023-07-30,13:00:00,https://en.wikipedia.org/wiki/2023_Belgian_Grand_Prix,2023-07-28,11:30:00,2023-07-29,10:30:00,\N,\N,2023-07-28,15:00:00,2023-07-29,14:30:00,4,7,1:59.981,1:52.252,1:47.669,4,5,6,6,6,3,11,+16.052,1514485,8,2:02.085,norris,4,NOR,Lando,Norris,1999-11-13,British,http://en.wikipedia.org/wiki/Lando_Norris,mclaren,McLaren,British,http://en.wikipedia.org/wiki/McLaren,Finished,spa,Circuit de Spa-Francorchamps,Spa,Belgium,50.4372,5.97139,401,http://en.wikipedia.org/wiki/Circuit_de_Spa-Francorchamps,69.0,8,8,0,103.0,5,5,0,4.0,3.0,4.0,3.0,5.0,4.0,5.0,2.0,0,1,1,1,0,44,308.052,7.004,19,1012.1,350.8,-2.75,-1.5,25.0,23.0
81,5,\N,R,20,0.0,0,\N,\N,\N,0,\N,\N,2023,12,Belgian Grand Prix,2023-07-30,13:00:00,https://en.wikipedia.org/wiki/2023_Belgian_Grand_Prix,2023-07-28,11:30:00,2023-07-29,10:30:00,\N,\N,2023-07-28,15:00:00,2023-07-29,14:30:00,81,6,1:58.872,1:51.534,1:47.365,81,2,2,2,2,7,11,+6.677,1505110,2,2:00.360,piastri,81,PIA,Oscar,Piastri,2001-04-06,Australian,http://en.wikipedia.org/wiki/Oscar_Piastri,mclaren,McLaren,British,http://en.wikipedia.org/wiki/McLaren,Collision damage,spa,Circuit de Spa-Francorchamps,Spa,Belgium,50.4372,5.97139,401,http://en.wikipedia.org/wiki/Circuit_de_Spa-Francorchamps,34.0,11,11,0,103.0,5,5,0,4.0,3.0,4.0,3.0,5.0,4.0,5.0,2.0,0,1,1,1,0,44,308.052,7.004,19,1012.1,350.8,-2.75,-1.5,25.0,23.0
3,19,16,16,16,0.0,44,+1:43.071,5053521,25,15,1:50.994,227.169,2023,12,Belgian Grand Prix,2023-07-30,13:00:00,https://en.wikipedia.org/wiki/2023_Belgian_Grand_Prix,2023-07-28,11:30:00,2023-07-29,10:30:00,\N,\N,2023-07-28,15:00:00,2023-07-29,14:30:00,3,19,2:02.159,\N,\N,3,11,10,10,10,0,11,+22.806,1521239,8,2:02.967,ricciardo,3,RIC,Daniel,Ricciardo,1989-07-01,Australian,http://en.wikipedia.org/wiki/Daniel_Ricciardo,alphatauri,AlphaTauri,Italian,http://en.wikipedia.org/wiki/Scuderia_AlphaTauri,Finished,spa,Circuit de Spa-Francorchamps,Spa,Belgium,50.4372,5.97139,401,http://en.wikipedia.org/wiki/Circuit_de_Spa-Francorchamps,0.0,21,21,0,3.0,10,10,0,4.0,3.0,4.0,3.0,5.0,4.0,5.0,2.0,0,1,1,1,0,44,308.052,7.004,19,1012.1,350.8,-2.75,-1.5,25.0,23.0
22,11,10,10,10,1.0,44,+1:20.221,5030671,26,17,1:51.394,226.353,2023,12,Belgian Grand Prix,2023-07-30,13:00:00,https://en.wikipedia.org/wiki/2023_Belgian_Grand_Prix,2023-07-28,11:30:00,2023-07-29,10:30:00,\N,\N,2023-07-28,15:00:00,2023-07-29,14:30:00,22,11,1:59.044,1:53.148,\N,22,16,18,18,18,0,11,+39.267,1537700,7,2:02.080,tsunoda,22,TSU,Yuki,Tsunoda,2000-05-11,Japanese,http://en.wikipedia.org/wiki/Yuki_Tsunoda,alphatauri,AlphaTauri,Italian,http://en.wikipedia.org/wiki/Scuderia_AlphaTauri,Finished,spa,Circuit de Spa-Francorchamps,Spa,Belgium,50.4372,5.97139,401,http://en.wikipedia.org/wiki/Circuit_de_Spa-Francorchamps,3.0,17,17,0,3.0,10,10,0,4.0,3.0,4.0,3.0,5.0,4.0,5.0,2.0,0,1,1,1,0,44,308.052,7.004,19,1012.1,350.8,-2.75,-1.5,25.0,23.0
31,14,8,8,8,4.0,44,+1:14.719,5025169,27,8,1:50.439,228.310,2023,12,Belgian Grand Prix,2023-07-30,13:00:00,https://en.wikipedia.org/wiki/2023_Belgian_Grand_Prix,2023-07-28,11:30:00,2023-07-29,10:30:00,\N,\N,2023-07-28,15:00:00,2023-07-29,14:30:00,31,15,1:59.634,1:56.372,\N,31,9,9,9,9,0,11,+22.410,1520843,6,2:03.061,ocon,31,OCO,Esteban,Ocon,1996-09-17,French,http://en.wikipedia.org/wiki/Esteban_Ocon,alpine,Alpine F1 Team,French,http://en.wikipedia.org/wiki/Alpine_F1_Team,Finished,spa,Circuit de Spa-Francorchamps,Spa,Belgium,50.4372,5.97139,401,http://en.wikipedia.org/wiki/Circuit_de_Spa-Francorchamps,35.0,10,10,0,57.0,6,6,0,4.0,3.0,4.0,3.0,5.0,4.0,5.0,2.0,0,1,1,1,0,44,308.052,7.004,19,1012.1,350.8,-2.75,-1.5,25.0,23.0
10,12,11,11,11,0.0,44,+1:23.084,5033534,25,12,1:50.911,227.339,2023,12,Belgian Grand Prix,2023-07-30,13:00:00,https://en.wikipedia.org/wiki/2023_Belgian_Grand_Prix,2023-07-28,11:30:00,2023-07-29,10:30:00,\N,\N,2023-07-28,15:00:00,2023-07-29,14:30:00,10,12,1:59.511,1:53.671,\N,10,6,3,3,3,6,11,+10.733,1509166,6,2:01.857,gasly,10,GAS,Pierre,Gasly,1996-02-07,French,http://en.wikipedia.org/wiki/Pierre_Gasly,alpine,Alpine F1 Team,French,http://en.wikipedia.org/wiki/Alpine_F1_Team,Finished,spa,Circuit de Spa-Francorchamps,Spa,Belgium,50.4372,5.97139,401,http://en.wikipedia.org/wiki/Circuit_de_Spa-Francorchamps,22.0,12,12,0,57.0,6,6,0,4.0,3.0,4.0,3.0,5.0,4.0,5.0,2.0,0,1,1,1,0,44,308.052,7.004,19,1012.1,350.8,-2.75,-1.5,25.0,23.0
14,9,5,5,5,10.0,44,+56.184,5006634,42,13,1:50.938,227.283,2023,12,Belgian Grand Prix,2023-07-30,13:00:00,https://en.wikipedia.org/wiki/2023_Belgian_Grand_Prix,2023-07-28,11:30:00,2023-07-29,10:30:00,\N,\N,2023-07-28,15:00:00,2023-07-29,14:30:00,14,9,1:58.834,1:52.751,1:47.843,14,15,\N,R,20,0,2,\N,\N,\N,\N,alonso,14,ALO,Fernando,Alonso,1981-07-29,Spanish,http://en.wikipedia.org/wiki/Fernando_Alonso,aston_martin,Aston Martin,British,http://en.wikipedia.org/wiki/Aston_Martin_in_Formula_One,Finished,spa,Circuit de Spa-Francorchamps,Spa,Belgium,50.4372,5.97139,401,http://en.wikipedia.org/wiki/Circuit_de_Spa-Francorchamps,149.0,3,3,0,196.0,3,3,0,4.0,3.0,4.0,3.0,5.0,4.0,5.0,2.0,0,1,1,1,0,44,308.052,7.004,19,1012.1,350.8,-2.75,-1.5,25.0,23.0
18,10,9,9,9,2.0,44,+1:19.340,5029790,26,16,1:51.297,226.550,2023,12,Belgian Grand Prix,2023-07-30,13:00:00,https://en.wikipedia.org/wiki/2023_Belgian_Grand_Prix,2023-07-28,11:30:00,2023-07-29,10:30:00,\N,\N,2023-07-28,15:00:00,2023-07-29,14:30:00,18,10,1:59.663,1:52.193,1:48.841,18,14,11,11,11,0,11,+25.007,1523440,6,2:03.356,stroll,18,STR,Lance,Stroll,1998-10-29,Canadian,http://en.wikipedia.org/wiki/Lance_Stroll,aston_martin,Aston Martin,British,http://en.wikipedia.org/wiki/Aston_Martin_in_Formula_One,Finished,spa,Circuit de Spa-Francorchamps,Spa,Belgium,50.4372,5.97139,401,http://en.wikipedia.org/wiki/Circuit_de_Spa-Francorchamps,47.0,9,9,0,196.0,3,3,0,4.0,3.0,4.0,3.0,5.0,4.0,5.0,2.0,0,1,1,1,0,44,308.052,7.004,19,1012.1,350.8,-2.75,-1.5,25.0,23.0
23,15,14,14,14,0.0,44,+1:36.184,5046634,35,3,1:49.841,229.553,2023,12,Belgian Grand Prix,2023-07-30,13:00:00,https://en.wikipedia.org/wiki/2023_Belgian_Grand_Prix,2023-07-28,11:30:00,2023-07-29,10:30:00,\N,\N,2023-07-28,15:00:00,2023-07-29,14:30:00,23,16,2:00.314,\N,\N,23,12,12,12,12,0,11,+26.303,1524736,6,2:03.674,albon,23,ALB,Alexander,Albon,1996-03-23,Thai,http://en.wikipedia.org/wiki/Alexander_Albon,williams,Williams,British,http://en.wikipedia.org/wiki/Williams_Grand_Prix_Engineering,Finished,spa,Circuit de Spa-Francorchamps,Spa,Belgium,50.4372,5.97139,401,http://en.wikipedia.org/wiki/Circuit_de_Spa-Francorchamps,11.0,13,13,0,11.0,7,7,0,4.0,3.0,4.0,3.0,5.0,4.0,5.0,2.0,0,1,1,1,0,44,308.052,7.004,19,1012.1,350.8,-2.75,-1.5,25.0,23.0
2,18,17,17,17,0.0,44,+1:44.476,5054926,37,9,1:50.486,228.213,2023,12,Belgian Grand Prix,2023-07-30,13:00:00,https://en.wikipedia.org/wiki/2023_Belgian_Grand_Prix,2023-07-28,11:30:00,2023-07-29,10:30:00,\N,\N,2023-07-28,15:00:00,2023-07-29,14:30:00,2,18,2:01.535,\N,\N,2,13,16,16,16,0,11,+37.571,1536004,6,2:03.482,sargeant,2,SAR,Logan,Sargeant,2000-12-31,American,http://en.wikipedia.org/wiki/Logan_Sargeant,williams,Williams,British,http://en.wikipedia.org/wiki/Williams_Grand_Prix_Engineering,Finished,spa,Circuit de Spa-Francorchamps,Spa,Belgium,50.4372,5.97139,401,http://en.wikipedia.org/wiki/Circuit_de_Spa-Francorchamps,0.0,19,19,0,11.0,7,7,0,4.0,3.0,4.0,3.0,5.0,4.0,5.0,2.0,0,1,1,1,0,44,308.052,7.004,19,1012.1,350.8,-2.75,-1.5,25.0,23.0
11,2,2,2,2,18.0,44,+22.305,4972755,31,6,1:50.308,228.581,2023,12,Belgian Grand Prix,2023-07-30,13:00:00,https://en.wikipedia.org/wiki/2023_Belgian_Grand_Prix,2023-07-28,11:30:00,2023-07-29,10:30:00,\N,\N,2023-07-28,15:00:00,2023-07-29,14:30:00,11,3,1:58.899,1:52.353,1:47.045,11,8,\N,R,19,0,8,\N,\N,2,2:02.516,perez,11,PER,Sergio,Pérez,1990-01-26,Mexican,http://en.wikipedia.org/wiki/Sergio_P%C3%A9rez,red_bull,Red Bull,Austrian,http://en.wikipedia.org/wiki/Red_Bull_Racing,Finished,spa,Circuit de Spa-Francorchamps,Spa,Belgium,50.4372,5.97139,401,http://en.wikipedia.org/wiki/Circuit_de_Spa-Francorchamps,189.0,2,2,2,503.0,1,1,12,4.0,3.0,4.0,3.0,5.0,4.0,5.0,2.0,0,1,1,1,0,44,308.052,7.004,19,1012.1,350.8,-2.75,-1.5,25.0,23.0
1,6,1,1,1,25.0,44,1:22:30.450,4950450,32,2,1:48.922,231.490,2023,12,Belgian Grand Prix,2023-07-30,13:00:00,https://en.wikipedia.org/wiki/2023_Belgian_Grand_Prix,2023-07-28,11:30:00,2023-07-29,10:30:00,\N,\N,2023-07-28,15:00:00,2023-07-29,14:30:00,1,1,1:58.515,1:52.784,1:46.168,1,1,1,1,1,8,11,24:58.433,1498433,6,1:58.943,max_verstappen,33,VER,Max,Verstappen,1997-09-30,Dutch,http://en.wikipedia.org/wiki/Max_Verstappen,red_bull,Red Bull,Austrian,http://en.wikipedia.org/wiki/Red_Bull_Racing,Finished,spa,Circuit de Spa-Francorchamps,Spa,Belgium,50.4372,5.97139,401,http://en.wikipedia.org/wiki/Circuit_de_Spa-Francorchamps,314.0,1,1,10,503.0,1,1,12,4.0,3.0,4.0,3.0,5.0,4.0,5.0,2.0,0,1,1,1,0,44,308.052,7.004,19,1012.1,350.8,-2.75,-1.5,25.0,23.0
20,16,15,15,15,0.0,44,+1:41.754,5052204,27,14,1:50.993,227.171,2023,12,Belgian Grand Prix,2023-07-30,13:00:00,https://en.wikipedia.org/wiki/2023_Belgian_Grand_Prix,2023-07-28,11:30:00,2023-07-29,10:30:00,\N,\N,2023-07-28,15:00:00,2023-07-29,14:30:00,20,13,2:00.020,1:54.160,\N,20,18,14,14,14,0,11,+32.986,1531419,6,2:03.965,kevin_magnussen,20,MAG,Kevin,Magnussen,1992-10-05,Danish,http://en.wikipedia.org/wiki/Kevin_Magnussen,haas,Haas F1 Team,American,http://en.wikipedia.org/wiki/Haas_F1_Team,Finished,spa,Circuit de Spa-Francorchamps,Spa,Belgium,50.4372,5.97139,401,http://en.wikipedia.org/wiki/Circuit_de_Spa-Francorchamps,2.0,18,18,0,11.0,8,8,0,4.0,3.0,4.0,3.0,5.0,4.0,5.0,2.0,0,1,1,1,0,44,308.052,7.004,19,1012.1,350.8,-2.75,-1.5,25.0,23.0
27,0,18,18,18,0.0,44,+1:50.450,5060900,26,4,1:49.907,229.415,2023,12,Belgian Grand Prix,2023-07-30,13:00:00,https://en.wikipedia.org/wiki/2023_Belgian_Grand_Prix,2023-07-28,11:30:00,2023-07-29,10:30:00,\N,\N,2023-07-28,15:00:00,2023-07-29,14:30:00,27,20,2:03.166,\N,\N,27,20,17,17,17,0,11,+37.827,1536260,6,2:03.472,hulkenberg,27,HUL,Nico,Hülkenberg,1987-08-19,German,http://en.wikipedia.org/wiki/Nico_H%C3%BClkenberg,haas,Haas F1 Team,American,http://en.wikipedia.org/wiki/Haas_F1_Team,Finished,spa,Circuit de Spa-Francorchamps,Spa,Belgium,50.4372,5.97139,401,http://en.wikipedia.org/wiki/Circuit_de_Spa-Francorchamps,9.0,14,14,0,11.0,8,8,0,4.0,3.0,4.0,3.0,5.0,4.0,5.0,2.0,0,1,1,1,0,44,308.052,7.004,19,1012.1,350.8,-2.75,-1.5,25.0,23.0
